Grid Ref: Easting,Grid Ref: Northing,Number of Vehicles,Accident Date,1st Road Class,Road Surface,Lighting Conditions,Weather Conditions,Type of Vehicle,Casualty Class,Casualty Severity,Sex of Casualty,Age of Casualty
436147,434957,2,15/08/2019,3,1,1,1,11,2,3,2,6
436147,434957,2,15/08/2019,3,1,1,1,11,2,3,1,9
436147,434957,2,15/08/2019,3,1,1,1,11,2,3,2,39
436147,434957,2,15/08/2019,3,1,1,1,11,2,3,1,5
436147,434957,2,15/08/2019,3,1,1,1,11,2,3,2,8
436147,434957,2,15/08/2019,3,1,1,1,11,2,3,2,48
436147,434957,2,15/08/2019,3,1,1,1,11,2,3,2,57
435904,425850,2,01/01/2019,3,1,1,1,1,1,3,1,54
423194,438111,1,01/01/2019,6,1,1,1,9,3,3,2,3
429149,431736,2,01/01/2019,6,1,4,1,1,1,2,1,45
428760,432723,2,02/01/2019,3,1,1,1,1,1,2,1,44
431451,435823,1,02/01/2019,6,1,4,1,9,3,3,1,16
427555,433891,2,03/01/2019,6,1,1,1,9,1,3,2,38
420066,445481,2,03/01/2019,6,1,1,1,5,1,2,1,35
420066,445481,2,03/01/2019,6,1,1,1,5,2,3,2,37
427140,437363,3,03/01/2019,3,1,1,1,19,1,3,1,28
427140,437363,3,03/01/2019,3,1,1,1,19,2,3,1,32
427140,437363,3,03/01/2019,3,1,1,1,9,1,3,2,46
430783,438603,2,04/01/2019,6,1,1,1,9,1,3,1,69
430783,438603,2,04/01/2019,6,1,1,1,9,2,3,2,69
420015,445436,2,04/01/2019,3,1,4,1,3,1,2,1,20
432347,430836,2,07/01/2019,6,1,6,1,1,1,3,1,25
422786,434721,1,07/01/2019,4,1,1,1,9,3,3,2,23
434118,445048,2,07/01/2019,6,2,1,5,9,2,3,2,53
425491,432085,1,07/01/2019,6,9,1,9,8,2,2,2,28
430549,432911,1,07/01/2019,6,1,4,1,9,3,2,2,21
429558,431566,2,08/01/2019,6,1,1,1,1,1,3,1,32
427216,444133,1,08/01/2019,6,1,1,1,9,1,3,2,58
430787,433346,2,08/01/2019,3,1,1,1,8,1,3,1,32
430787,433346,2,08/01/2019,3,1,1,1,8,2,3,1,28
430787,433346,2,08/01/2019,3,1,1,1,9,1,3,2,39
430398,433300,2,08/01/2019,6,1,1,1,11,2,3,2,79
428128,432795,1,08/01/2019,4,1,4,1,9,3,3,1,58
429858,432972,2,09/01/2019,6,1,4,1,1,1,3,1,39
426664,431789,2,09/01/2019,3,1,4,1,9,1,3,1,29
435931,436473,2,10/01/2019,3,1,1,1,9,1,3,2,29
435931,436473,2,10/01/2019,3,1,1,1,9,2,3,2,23
431468,432543,2,10/01/2019,3,1,1,1,9,2,3,2,21
431468,432543,2,10/01/2019,3,1,1,1,9,1,3,2,39
418989,444837,2,10/01/2019,3,2,1,1,1,1,2,2,20
419724,437029,2,10/01/2019,6,1,4,1,1,1,2,1,43
429705,431847,2,11/01/2019,6,1,4,1,9,1,3,2,73
429392,431357,2,11/01/2019,6,1,4,1,2,1,2,1,17
431234,435814,2,12/01/2019,6,1,1,1,9,1,3,2,32
430836,435427,2,12/01/2019,6,1,4,1,9,1,3,2,23
430836,435427,2,12/01/2019,6,1,4,1,9,2,3,2,20
428934,429852,2,12/01/2019,3,1,4,1,9,2,3,2,36
428934,429852,2,12/01/2019,3,1,4,1,9,1,3,1,45
424551,433074,2,13/01/2019,6,2,1,1,1,1,2,2,37
428628,433188,2,13/01/2019,3,1,4,1,9,1,3,1,38
420559,437109,2,14/01/2019,3,2,1,1,9,1,3,2,40
420559,437109,2,14/01/2019,3,2,1,1,9,1,3,2,47
422203,433911,1,16/01/2019,4,1,1,1,9,3,3,2,67
430480,433823,1,14/01/2019,6,1,4,1,9,3,2,1,34
419782,434064,2,14/01/2019,3,1,4,1,9,1,3,1,26
431120,430172,1,14/01/2019,6,1,4,1,8,2,3,2,23
429482,431195,1,16/01/2019,6,2,1,1,9,3,3,2,10
431908,437322,3,15/01/2019,6,1,1,1,9,1,3,2,27
431908,437322,3,15/01/2019,6,1,1,1,9,1,3,2,64
428513,433058,2,15/01/2019,4,1,1,1,9,1,3,2,29
431131,431414,2,15/01/2019,6,1,4,1,9,1,2,1,35
431131,431414,2,15/01/2019,6,1,4,1,9,1,2,1,72
431131,431414,2,15/01/2019,6,1,4,1,9,2,2,2,73
428249,434452,2,15/01/2019,6,1,4,1,9,2,3,2,33
427457,435882,2,15/01/2019,6,1,4,1,9,1,3,1,20
426144,437228,2,16/01/2019,6,2,1,2,9,1,3,2,38
431269,445730,2,16/01/2019,3,1,1,1,9,1,3,1,52
431269,445730,2,16/01/2019,3,1,1,1,9,1,3,1,60
430088,431277,2,16/01/2019,3,1,4,1,9,1,3,1,27
430067,434407,2,16/01/2019,2,1,4,1,9,1,3,2,28
432212,434654,1,17/01/2019,6,1,1,1,9,3,3,1,11
429203,433634,2,16/01/2019,3,1,7,1,9,1,2,2,57
434842,428545,2,17/01/2019,6,1,4,1,3,1,3,1,25
428670,432833,1,18/01/2019,6,2,1,1,3,1,3,1,17
426901,439315,2,18/01/2019,3,2,1,1,1,1,3,1,35
436909,433709,1,18/01/2019,3,1,1,1,9,3,2,1,81
433450,434055,1,18/01/2019,3,1,1,1,9,3,3,1,12
431037,428655,1,18/01/2019,6,2,4,3,9,1,3,1,46
442987,431602,1,18/01/2019,3,2,4,1,9,1,2,1,30
434471,434398,1,19/01/2019,3,2,1,1,11,3,2,2,12
420364,444894,1,19/01/2019,6,2,1,8,9,3,3,2,49
426284,435584,2,19/01/2019,3,2,4,1,9,1,3,2,72
429902,436616,2,19/01/2019,4,1,4,1,9,1,3,1,76
428969,435476,1,19/01/2019,6,1,4,1,9,3,2,2,27
432961,429594,1,21/01/2019,1,2,4,1,9,1,3,1,78
431568,433623,5,21/01/2019,3,1,1,1,9,1,3,1,56
431568,433623,5,21/01/2019,3,1,1,1,9,2,3,1,59
425031,425763,2,21/01/2019,6,2,1,1,9,1,2,1,20
425031,425763,2,21/01/2019,6,2,1,1,9,1,3,1,22
430178,433925,1,21/01/2019,6,1,1,1,20,3,2,1,81
434620,438143,1,21/01/2019,3,2,4,1,9,1,3,2,57
425374,435317,1,22/01/2019,6,4,4,1,3,1,3,1,20
429944,425105,1,22/01/2019,6,1,1,1,3,1,3,2,39
431467,430207,2,22/01/2019,6,1,1,1,9,1,3,2,36
432686,435009,1,22/01/2019,6,1,1,1,9,3,3,1,10
440330,449423,2,22/01/2019,4,1,1,1,9,3,3,2,11
427616,434515,2,22/01/2019,3,2,1,1,3,1,3,1,34
440756,445994,2,23/01/2019,2,1,1,1,9,1,3,2,19
440756,445994,2,23/01/2019,2,1,1,1,9,1,3,1,42
429085,430838,2,23/01/2019,6,1,1,1,1,1,3,1,32
430266,433741,2,23/01/2019,6,1,1,1,11,2,3,2,30
430241,437021,2,23/01/2019,6,2,1,1,9,1,3,1,74
430241,437021,2,23/01/2019,6,2,1,1,9,2,3,2,23
440388,433288,1,23/01/2019,6,1,1,1,9,3,1,2,70
429224,439710,2,23/01/2019,6,1,1,1,9,1,3,2,51
427536,434491,2,23/01/2019,6,2,4,1,1,1,1,1,46
429958,432509,2,22/01/2019,6,1,4,1,9,1,3,1,24
420465,440180,2,25/01/2019,3,2,4,1,9,1,3,2,28
420465,440180,2,25/01/2019,3,2,4,1,8,1,3,1,38
426361,433366,2,24/01/2019,6,2,4,1,9,1,3,1,44
426361,433366,2,24/01/2019,6,2,4,1,9,1,3,2,34
426361,433366,2,24/01/2019,6,2,4,1,9,2,3,1,12
426361,433366,2,24/01/2019,6,2,4,1,9,2,3,2,8
426361,433366,2,24/01/2019,6,2,4,1,9,2,3,2,5
428963,435460,2,23/01/2019,3,1,4,1,9,1,3,2,56
431536,430548,3,24/01/2019,1,2,4,1,9,1,3,2,22
431536,430548,3,24/01/2019,1,2,4,1,9,1,3,1,25
427399,433352,1,24/01/2019,6,2,4,2,9,3,3,2,10
429600,434248,1,25/01/2019,6,1,6,1,9,3,3,2,51
426992,437455,2,25/01/2019,3,2,1,1,1,1,3,2,31
422310,443627,2,25/01/2019,6,1,1,1,9,1,2,2,28
436590,433969,2,25/01/2019,6,1,1,1,9,1,3,1,48
436590,433969,2,25/01/2019,6,1,1,1,9,2,3,2,46
424562,435641,2,25/01/2019,6,2,1,1,1,1,3,1,17
426347,427606,2,25/01/2019,6,1,1,1,1,1,3,1,60
430743,434737,2,25/01/2019,6,1,1,1,1,1,2,1,33
431726,432862,2,25/01/2019,6,1,4,1,9,1,3,1,45
429774,430608,3,25/01/2019,3,2,4,1,9,1,3,1,45
429774,430608,3,25/01/2019,3,2,4,1,9,1,3,2,21
428523,432066,3,25/01/2019,3,2,4,1,9,1,3,2,24
430351,438561,2,25/01/2019,3,1,5,1,9,1,3,2,54
430319,433871,2,26/01/2019,6,1,4,1,9,1,3,1,47
431103,434602,2,26/01/2019,6,2,4,1,9,1,3,1,30
431103,434602,2,26/01/2019,6,2,4,1,9,2,3,1,33
431103,434602,2,26/01/2019,6,2,4,1,9,2,3,2,32
431103,434602,2,26/01/2019,6,2,4,1,9,2,3,1,30
431103,434602,2,26/01/2019,6,2,4,1,9,2,3,2,32
430101,432870,2,27/01/2019,6,1,4,1,9,1,3,1,47
432458,433330,1,27/01/2019,6,1,1,1,8,2,3,2,24
431832,434992,2,27/01/2019,6,1,7,1,9,2,3,2,19
431832,434992,2,27/01/2019,6,1,7,1,9,2,3,2,18
429038,429932,2,28/01/2019,6,2,4,1,5,1,2,1,53
433318,441770,2,28/01/2019,6,4,1,1,9,1,3,2,22
426234,438111,2,28/01/2019,6,1,1,1,9,1,3,1,52
426234,438111,2,28/01/2019,6,1,1,1,9,1,3,2,40
431422,434086,1,28/01/2019,6,1,1,1,9,3,3,1,15
428503,426411,3,28/01/2019,1,1,4,1,9,1,3,1,36
428503,426411,3,28/01/2019,1,1,4,1,9,1,3,1,22
428503,426411,3,28/01/2019,1,1,4,1,9,1,3,1,43
428396,428922,2,28/01/2019,3,1,1,1,9,1,3,1,47
431715,434630,1,28/01/2019,6,1,1,1,8,3,3,2,62
442100,434633,2,29/01/2019,3,2,1,1,1,1,2,1,74
429144,432009,1,29/01/2019,6,2,1,1,9,3,3,2,4
425353,435934,2,29/01/2019,6,1,4,1,9,1,3,2,35
425353,435934,2,29/01/2019,6,1,4,1,9,3,3,2,42
423620,440616,1,30/01/2019,6,1,1,1,9,3,3,2,39
423620,440616,1,30/01/2019,6,1,1,1,9,3,3,1,44
433087,435615,2,30/01/2019,6,1,1,1,22,1,3,2,11
424127,428193,3,30/01/2019,3,1,1,1,9,1,3,1,45
430285,434323,3,30/01/2019,2,2,4,1,9,1,3,1,28
432052,425605,2,30/01/2019,1,2,4,1,9,1,3,1,51
420894,434451,2,31/01/2019,3,4,1,1,9,1,3,2,39
417424,441806,2,01/02/2019,6,3,1,3,9,1,3,1,72
434169,436127,4,01/02/2019,6,1,1,1,9,1,3,1,29
434169,436127,4,01/02/2019,6,1,1,1,9,2,3,2,88
433113,434027,2,01/02/2019,4,2,4,1,9,2,3,2,22
428539,434634,2,31/01/2019,6,1,4,1,9,1,3,2,27
421481,434418,2,02/02/2019,4,3,1,1,9,1,3,1,35
431082,433729,2,02/02/2019,2,1,1,1,9,2,1,2,77
431082,433729,2,02/02/2019,2,1,1,1,9,2,3,2,51
431082,433729,2,02/02/2019,2,1,1,1,9,1,3,1,71
426901,439315,2,02/02/2019,6,1,1,1,9,1,3,2,31
426901,439315,2,02/02/2019,6,1,1,1,9,1,3,1,42
426512,427195,2,01/02/2019,6,1,1,1,9,1,3,2,20
426512,427195,2,01/02/2019,6,1,1,1,9,2,3,2,30
425552,427914,2,02/02/2019,3,1,1,1,9,2,3,2,33
427448,432585,1,02/02/2019,6,2,1,1,9,3,2,1,63
432631,434576,1,02/02/2019,6,4,4,1,9,3,3,1,43
426929,429269,3,02/02/2019,3,4,4,1,9,2,2,1,21
429991,434152,2,02/02/2019,6,2,4,1,1,1,3,1,27
436022,434828,1,02/02/2019,6,4,4,1,9,3,2,1,16
430787,433346,2,04/02/2019,3,1,1,1,8,1,3,1,62
430787,433346,2,04/02/2019,3,1,1,1,8,2,3,2,45
430787,433346,2,04/02/2019,3,1,1,1,9,1,3,1,50
430787,433346,2,04/02/2019,3,1,1,1,9,2,3,2,2
430973,439006,3,04/02/2019,6,1,1,1,19,1,3,1,49
434451,436311,1,04/02/2019,6,1,1,1,9,3,3,1,11
441913,430132,2,04/02/2019,6,2,1,1,3,1,3,1,19
429148,431754,2,04/02/2019,6,1,4,1,9,2,3,1,1
433438,435500,1,04/02/2019,6,2,4,1,9,3,2,2,34
428926,433413,2,04/02/2019,3,1,4,1,9,1,3,2,26
421304,445760,1,05/02/2019,6,2,5,7,9,1,3,2,31
434816,435321,2,04/02/2019,6,1,1,1,9,1,3,1,48
430445,433458,2,05/02/2019,6,1,1,1,19,2,3,1,39
427914,441536,2,05/02/2019,6,2,6,2,9,1,3,1,40
427914,441536,2,05/02/2019,6,2,6,2,9,1,3,2,23
427745,436450,1,05/02/2019,3,2,4,2,9,3,2,1,21
429135,433853,1,06/02/2019,6,2,4,2,9,3,3,2,19
440866,428472,1,06/02/2019,6,2,1,1,9,3,2,1,8
429099,433513,2,06/02/2019,6,1,4,1,8,1,3,1,46
430469,437076,1,06/02/2019,6,1,1,1,19,3,3,2,51
429143,431739,1,07/02/2019,6,2,4,5,9,3,3,1,26
440472,448377,1,08/02/2019,4,2,1,1,9,3,3,2,58
434375,428565,2,08/02/2019,6,2,4,2,9,1,3,1,23
434375,428565,2,08/02/2019,6,2,4,2,9,2,3,2,44
430437,434393,2,08/02/2019,6,1,4,4,9,1,3,2,24
430437,434393,2,08/02/2019,6,1,4,4,9,2,3,1,14
430437,434393,2,08/02/2019,6,1,4,4,3,1,3,1,26
444752,432211,1,08/02/2019,6,1,6,1,3,1,2,1,15
430413,434264,2,08/02/2019,6,1,4,1,9,1,3,2,28
415909,442021,2,09/02/2019,6,1,1,1,9,2,1,1,52
415909,442021,2,09/02/2019,6,1,1,1,9,2,2,1,50
415909,442021,2,09/02/2019,6,1,1,1,9,1,3,1,47
428516,431824,5,09/02/2019,3,1,1,1,9,1,3,2,32
428516,431824,5,09/02/2019,3,1,1,1,9,1,3,2,48
423492,431856,1,09/02/2019,6,2,1,1,9,2,3,2,34
427152,432517,2,04/02/2019,6,2,1,1,9,1,3,2,22
427152,432517,2,04/02/2019,6,2,1,1,9,2,3,2,55
426434,433300,2,29/01/2019,6,2,4,1,1,1,3,1,42
431074,430365,2,03/03/2019,6,1,1,1,1,1,3,1,34
440879,445707,1,10/02/2019,3,1,1,1,4,1,2,2,54
436017,436581,1,10/02/2019,3,2,1,1,9,3,2,2,51
425084,427379,3,11/02/2019,3,2,1,1,3,1,1,1,17
433114,434024,2,11/02/2019,4,1,1,1,9,1,3,1,46
438952,431553,2,08/02/2019,6,2,1,1,3,1,3,1,50
432428,426182,2,11/02/2019,1,1,1,1,19,1,3,1,46
432428,426182,2,11/02/2019,1,1,1,1,21,1,3,1,46
427271,437142,2,11/02/2019,6,1,4,1,1,1,3,1,43
432180,434626,2,11/02/2019,6,1,1,1,1,1,3,1,27
423025,437668,2,11/02/2019,3,1,4,1,8,1,3,1,36
423025,437668,2,11/02/2019,3,1,4,1,8,1,3,1,32
430788,433346,2,12/02/2019,3,1,1,1,9,1,3,2,38
427036,432779,1,12/02/2019,6,1,1,1,3,2,3,1,23
437044,438288,2,12/02/2019,6,1,4,1,9,1,3,1,25
429531,440826,2,13/02/2019,6,1,1,1,9,1,3,1,49
430749,438894,2,13/02/2019,6,1,1,1,1,1,3,2,22
431803,435597,1,13/02/2019,3,1,4,1,9,3,3,2,42
428438,435044,1,13/02/2019,6,1,4,1,9,3,3,1,62
428961,429307,1,14/02/2019,6,1,1,1,9,1,3,1,26
440557,426187,2,14/02/2019,3,1,1,1,1,1,2,1,44
428048,431116,2,14/02/2019,6,1,1,1,9,2,3,2,12
433808,434630,1,14/02/2019,6,1,1,1,9,3,3,1,78
430129,432175,2,15/02/2019,6,1,1,1,19,1,3,1,42
430129,432175,2,15/02/2019,6,1,1,1,9,1,3,1,47
428987,432348,3,15/02/2019,6,1,1,1,3,1,3,1,27
428530,431241,2,15/02/2019,6,1,1,1,9,1,3,2,55
432905,436748,2,15/02/2019,6,1,7,1,1,1,2,1,44
429514,427230,1,16/02/2019,6,1,4,1,9,3,3,2,10
429514,427230,1,16/02/2019,6,1,4,1,9,3,3,2,5
418098,445930,1,17/02/2019,3,1,6,1,9,1,3,1,20
418098,445930,1,17/02/2019,3,1,6,1,9,2,2,1,21
432561,433800,2,17/02/2019,3,1,1,1,9,1,3,2,45
432561,433800,2,17/02/2019,3,1,1,1,20,1,2,1,35
431188,431464,3,17/02/2019,6,1,1,1,9,1,3,2,43
428135,435423,2,17/02/2019,6,1,1,1,9,1,3,2,29
436751,425924,1,18/02/2019,1,2,6,1,9,1,3,2,32
429063,435350,1,18/02/2019,6,1,1,1,5,3,2,2,19
430797,433291,3,18/02/2019,6,1,4,1,1,1,3,1,22
435222,438960,2,19/02/2019,3,1,1,1,9,1,3,1,22
435222,438960,2,19/02/2019,3,1,1,1,9,2,3,2,19
435222,438960,2,19/02/2019,3,1,1,1,9,1,3,2,58
435222,438960,2,19/02/2019,3,1,1,1,9,2,3,1,82
427479,436685,2,19/02/2019,6,1,4,1,9,1,3,1,35
430358,424163,2,19/02/2019,1,1,1,1,9,1,3,2,46
429912,436614,1,20/02/2019,6,1,1,1,9,3,3,2,68
428003,426413,2,20/02/2019,1,1,4,1,9,1,3,2,33
430478,435596,2,20/02/2019,6,1,4,1,1,1,3,1,17
428795,435572,1,20/02/2019,3,1,4,1,9,3,2,1,30
431056,431252,1,21/02/2019,6,1,1,1,9,1,3,1,23
432114,435381,2,21/02/2019,4,1,1,1,9,1,3,1,62
425393,433052,1,21/02/2019,6,1,1,1,2,1,2,1,15
426838,439912,1,21/02/2019,6,1,1,1,9,3,2,2,78
437794,432381,3,21/02/2019,1,1,5,1,9,1,3,1,49
437794,432381,3,21/02/2019,1,1,5,1,9,1,3,2,26
432734,427498,2,22/02/2019,6,1,4,1,3,2,1,1,23
422702,428717,1,22/02/2019,6,1,1,1,9,3,3,1,17
434758,429113,1,22/02/2019,3,1,1,1,5,3,3,1,15
430245,433222,1,23/02/2019,6,1,4,1,9,3,3,1,25
430433,437754,2,23/02/2019,6,1,4,1,1,1,3,1,26
423016,437653,2,23/02/2019,3,1,1,1,9,1,3,1,89
430294,428129,1,23/02/2019,6,1,1,1,9,3,3,2,15
430868,434204,1,23/02/2019,6,1,4,1,9,3,2,1,22
427505,425503,1,23/02/2019,3,1,4,1,9,3,1,1,40
430954,435789,2,23/02/2019,6,1,7,1,8,2,3,1,48
436511,434029,3,24/02/2019,3,1,1,1,9,1,3,2,29
430801,435342,2,24/02/2019,6,1,1,1,1,1,2,1,22
426736,433318,2,25/02/2019,6,1,1,1,9,1,3,1,57
426736,433318,2,25/02/2019,6,1,1,1,9,2,3,2,25
431970,437047,2,25/02/2019,6,1,1,1,9,1,3,1,71
428098,436745,1,25/02/2019,6,1,1,1,8,3,3,2,29
415909,442020,3,26/02/2019,6,1,1,1,9,2,2,2,71
428719,435615,2,26/02/2019,3,1,1,1,9,1,3,2,19
428719,435615,2,26/02/2019,3,1,1,1,1,1,3,1,19
430878,434256,2,27/02/2019,3,1,1,1,1,1,2,1,44
442527,442541,2,27/02/2019,6,1,1,1,3,1,2,1,25
427016,440295,2,27/02/2019,3,1,1,1,9,1,3,1,24
427016,440295,2,27/02/2019,3,1,1,1,9,1,1,2,80
425716,428493,2,27/02/2019,6,1,1,1,1,1,3,1,16
430188,431000,1,27/02/2019,6,1,4,1,9,3,2,1,10
437585,432318,1,28/02/2019,6,1,6,1,9,1,3,2,24
437585,432318,1,28/02/2019,6,1,6,1,9,2,2,2,25
430421,431782,2,28/02/2019,1,1,1,1,9,1,3,1,36
430421,431782,2,28/02/2019,1,1,1,1,9,1,3,2,56
433637,429795,1,28/02/2019,1,1,1,1,9,3,1,1,36
427506,426314,2,28/02/2019,1,1,1,1,9,1,3,1,20
433819,434044,2,28/02/2019,3,1,1,1,1,1,3,1,32
430900,430553,2,01/03/2019,1,1,1,1,5,1,2,1,40
430519,424291,2,01/03/2019,1,1,1,1,9,1,3,2,48
430519,424291,2,01/03/2019,1,1,1,1,9,2,3,2,26
427519,434866,1,01/03/2019,6,1,1,1,11,3,3,1,23
428986,431151,3,01/03/2019,6,1,1,1,9,1,3,2,46
435094,434724,2,01/03/2019,3,1,1,1,5,1,1,1,29
430234,435114,2,01/03/2019,6,1,1,1,3,1,3,1,18
435158,435027,2,01/03/2019,6,1,1,1,1,1,3,2,12
431619,426413,3,01/03/2019,1,1,4,1,9,2,3,2,22
431619,426413,3,01/03/2019,1,1,4,1,9,1,3,2,60
428994,435421,1,02/03/2019,3,2,4,1,8,3,2,1,19
429886,432365,2,15/02/2019,3,1,1,1,9,2,3,2,78
430373,424207,1,02/03/2019,1,1,1,1,9,1,3,2,67
434067,435142,2,02/03/2019,6,2,4,2,9,1,3,2,37
434067,435142,2,02/03/2019,6,2,4,2,9,2,3,1,31
422029,434307,1,02/03/2019,4,1,4,1,8,2,3,2,42
429917,438280,2,02/03/2019,6,2,4,2,1,1,3,1,23
427949,433624,2,02/03/2019,3,1,4,1,9,1,3,1,23
428654,434879,1,03/03/2019,6,2,1,2,4,1,2,1,21
435734,436024,2,04/03/2019,6,1,1,1,2,1,3,1,16
426270,435581,1,04/03/2019,4,2,1,1,8,2,3,1,22
426270,435581,1,04/03/2019,4,2,1,1,8,2,3,2,24
429769,437048,2,05/03/2019,6,1,1,1,1,1,2,1,34
423827,437742,2,05/03/2019,6,1,1,1,9,1,3,2,35
441096,433571,2,05/03/2019,6,1,1,1,9,1,2,1,61
441096,433571,2,05/03/2019,6,1,1,1,9,1,3,1,30
418304,441344,2,05/03/2019,3,1,1,1,9,1,3,1,25
429482,430242,1,05/03/2019,3,1,1,1,9,3,2,2,68
430538,431515,2,05/03/2019,1,1,1,1,9,1,3,1,41
430538,431515,2,05/03/2019,1,1,1,1,9,1,3,1,58
430491,435237,2,05/03/2019,3,1,4,1,9,1,3,2,26
430377,433554,1,06/03/2019,6,2,4,2,9,2,3,2,30
440976,447851,2,06/03/2019,2,1,1,1,9,1,2,1,49
440976,447851,2,06/03/2019,2,1,1,1,9,2,3,1,27
440976,447851,2,06/03/2019,2,1,1,1,9,2,3,1,63
440976,447851,2,06/03/2019,2,1,1,1,9,2,3,1,27
440976,447851,2,06/03/2019,2,1,1,1,9,2,3,1,48
440976,447851,2,06/03/2019,2,1,1,1,9,1,2,1,33
440976,447851,2,06/03/2019,2,1,1,1,9,2,3,1,32
440976,447851,2,06/03/2019,2,1,1,1,9,2,3,1,26
440976,447851,2,06/03/2019,2,1,1,1,9,2,3,1,41
435035,433250,2,06/03/2019,6,1,1,1,9,1,3,1,82
421874,435486,1,06/03/2019,6,1,1,1,9,3,3,1,51
432241,426277,2,06/03/2019,1,2,4,1,9,1,3,1,20
432241,426277,2,06/03/2019,1,2,4,1,9,2,3,1,19
427485,437002,1,06/03/2019,3,1,4,1,9,3,3,1,20
430596,434563,2,06/03/2019,6,1,4,1,1,1,3,1,19
429273,430096,2,07/03/2019,6,2,1,2,1,1,2,1,31
426975,431791,2,07/03/2019,3,1,1,1,1,1,3,1,51
429773,433632,1,07/03/2019,6,1,1,1,8,3,3,2,26
429773,427933,2,08/03/2019,6,2,1,1,3,1,3,1,41
428520,426431,3,08/03/2019,2,1,1,1,9,1,3,2,54
419569,441597,2,08/03/2019,3,1,1,1,9,2,3,1,92
419569,441597,2,08/03/2019,3,1,1,1,9,1,3,2,62
429849,438428,2,08/03/2019,6,2,1,2,9,1,3,1,36
427558,424520,2,08/03/2019,6,2,4,2,9,1,3,1,28
427558,424520,2,08/03/2019,6,2,4,2,9,2,3,1,37
424243,432741,1,09/03/2019,4,2,4,1,9,2,3,2,17
424243,432741,1,09/03/2019,4,2,4,1,9,2,3,2,17
428098,434516,2,09/03/2019,6,2,1,5,9,1,3,2,29
429369,431984,2,09/03/2019,1,1,1,1,9,1,3,1,29
429369,431984,2,09/03/2019,1,1,1,1,9,2,3,2,28
429369,431984,2,09/03/2019,1,1,1,1,9,2,3,1,9
430325,425098,3,09/03/2019,3,1,1,1,9,1,3,2,27
430325,425098,3,09/03/2019,3,1,1,1,9,1,3,2,55
430325,425098,3,09/03/2019,3,1,1,1,9,1,3,2,58
424352,427938,2,09/03/2019,1,1,4,1,9,1,3,2,29
424352,427938,2,09/03/2019,1,1,4,1,9,2,3,2,25
426793,432962,1,10/03/2019,6,2,4,2,9,2,2,1,24
426793,432962,1,10/03/2019,6,2,4,2,9,2,2,2,18
424681,438797,1,10/03/2019,6,2,4,2,9,3,3,1,34
436933,436354,2,10/03/2019,6,2,4,6,3,1,3,1,17
428588,434755,1,11/03/2019,6,1,1,1,9,3,3,2,75
426860,440084,1,21/01/2019,6,1,4,1,9,3,2,2,84
433585,435757,2,12/03/2019,6,1,1,1,9,2,3,2,6
425056,433371,2,12/03/2019,4,2,1,2,9,1,3,1,21
431797,431381,2,12/03/2019,3,2,1,2,2,1,3,2,26
430646,434664,2,12/03/2019,3,1,1,1,9,2,3,2,25
428476,425844,2,03/12/2019,3,1,7,1,9,1,3,2,53
425430,440289,3,12/03/2019,6,2,1,5,5,1,2,1,21
430740,434684,1,12/03/2019,6,2,1,4,11,3,3,1,28
434620,441231,2,13/03/2019,6,2,1,4,9,1,3,2,19
434620,441231,2,13/03/2019,6,2,1,4,19,1,3,1,36
432063,427598,2,13/03/2019,1,2,1,4,9,1,3,1,69
428301,434132,3,07/03/2019,3,1,1,1,9,1,3,1,25
423163,434663,1,13/03/2019,3,1,4,1,9,1,3,1,24
429862,426401,3,13/03/2019,1,2,4,5,19,1,3,1,52
431144,436258,2,14/03/2019,6,1,1,1,9,1,3,1,51
431520,426436,2,14/03/2019,1,1,1,1,9,1,3,1,34
425374,435317,2,14/03/2019,6,1,1,4,1,1,3,1,21
432635,428506,3,14/03/2019,3,1,1,4,9,1,3,1,51
428522,435686,2,15/03/2019,6,2,1,1,1,1,3,2,26
436149,434890,2,15/03/2019,3,1,1,1,9,2,3,1,24
429617,433434,1,15/03/2019,6,1,1,1,19,3,3,2,54
424993,432939,1,15/03/2019,6,1,1,4,9,3,3,2,12
424121,428200,2,15/03/2019,3,2,1,4,9,2,3,1,8
428859,430974,2,16/03/2019,5,2,1,5,9,2,3,1,28
429719,433500,1,16/03/2019,6,1,1,1,8,3,3,2,26
420081,435349,2,16/03/2019,6,2,1,5,9,1,3,2,37
429653,432931,2,16/03/2019,6,1,7,1,8,2,3,1,50
431482,435007,2,18/03/2019,6,1,1,1,9,1,3,2,29
419473,445032,2,18/03/2019,3,1,1,1,1,1,3,2,34
428403,435451,2,22/03/2019,6,1,1,1,1,1,3,1,36
432075,426273,2,19/03/2019,1,1,1,1,9,1,3,1,62
425967,429204,3,20/03/2019,1,1,1,1,9,1,3,1,24
421516,433599,2,20/03/2019,6,1,1,1,1,1,2,1,35
428066,434831,1,20/03/2019,6,1,1,1,9,3,3,1,10
438295,432225,2,08/03/2019,6,1,1,1,9,1,3,1,36
438295,432225,2,08/03/2019,6,1,1,1,9,2,3,2,12
438295,432225,2,08/03/2019,6,1,1,1,9,2,3,2,9
438295,432225,2,08/03/2019,6,1,1,1,9,2,3,2,7
432891,430263,2,20/03/2019,4,1,1,1,9,2,3,2,45
431050,445636,1,20/03/2019,3,1,1,1,9,2,2,1,89
431050,445636,1,20/03/2019,3,1,1,1,9,1,3,1,61
445228,431837,1,20/03/2019,2,1,1,1,9,1,2,2,20
445228,431837,1,20/03/2019,2,1,1,1,9,2,2,1,20
426034,428248,2,20/03/2019,6,1,1,1,1,1,3,1,14
427966,433620,2,21/03/2019,3,1,1,1,1,1,3,1,30
426822,434974,2,21/03/2019,3,1,1,1,9,1,3,2,62
426822,434974,2,21/03/2019,3,1,1,1,9,2,3,1,95
426302,431692,1,21/03/2019,3,1,1,1,9,3,2,2,23
422303,427958,2,21/03/2019,3,1,4,1,9,1,2,1,24
422303,427958,2,21/03/2019,3,1,4,1,9,2,2,1,50
422303,427958,2,21/03/2019,3,1,4,1,9,1,3,1,37
434260,434309,2,22/03/2019,3,1,1,1,3,1,1,1,68
432338,434973,2,22/03/2019,4,1,1,1,9,1,3,2,29
430892,433487,2,22/03/2019,6,1,1,1,1,1,3,1,58
425303,428867,1,23/03/2019,4,1,5,1,3,1,1,1,22
432235,426269,2,23/03/2019,1,1,1,1,11,2,2,2,53
430764,438435,2,23/03/2019,6,1,1,1,9,1,3,2,28
430764,438435,2,23/03/2019,6,1,1,1,9,2,3,2,31
430764,438435,2,23/03/2019,6,1,1,1,9,2,3,2,18
430764,438435,2,23/03/2019,6,1,1,1,9,2,3,2,7
430764,438435,2,23/03/2019,6,1,1,1,9,2,3,2,2
430833,433959,2,24/03/2019,3,1,4,1,9,2,3,2,70
427703,434718,2,24/03/2019,6,1,1,1,19,1,3,1,20
429149,431792,2,25/03/2019,6,1,1,1,9,1,3,1,28
429873,427362,2,25/03/2019,6,1,1,1,9,2,3,1,8
429964,434206,2,25/03/2019,6,1,1,1,1,1,3,1,19
424913,433473,1,25/03/2019,6,1,1,1,97,3,3,2,5
431251,428894,2,25/03/2019,6,1,1,1,3,1,2,1,18
431614,429961,1,25/03/2019,6,1,4,1,5,1,2,1,36
435960,435772,2,25/03/2019,6,1,4,1,9,1,3,1,45
431818,435608,5,25/03/2019,3,1,4,1,9,1,3,1,40
431818,435608,5,25/03/2019,3,1,4,1,9,1,3,1,23
427700,431038,1,26/03/2019,1,1,1,1,21,3,3,2,18
434393,428822,1,26/03/2019,6,1,1,1,9,3,3,2,2
429848,432292,2,27/03/2019,6,1,4,1,9,1,3,1,41
429848,432292,2,27/03/2019,6,1,4,1,9,2,3,1,38
429848,432292,2,27/03/2019,6,1,4,1,19,1,3,1,57
424055,439077,3,27/03/2019,6,1,1,1,9,1,3,1,73
430798,432390,1,27/03/2019,3,1,1,1,9,3,2,2,24
427583,433915,1,27/03/2019,6,1,4,1,3,3,2,1,18
429852,432291,2,27/03/2019,3,1,4,1,9,1,3,2,22
435715,434719,2,28/03/2019,6,1,1,1,9,2,3,2,57
431462,432136,2,17/03/2019,6,1,1,1,8,1,3,1,41
437157,445577,2,28/03/2019,6,1,1,1,9,1,3,2,36
420069,440808,2,28/03/2019,3,1,1,1,1,1,3,1,57
437097,444135,3,28/03/2019,3,1,1,1,9,1,3,1,57
434819,434613,1,29/03/2019,3,1,1,1,11,2,3,2,67
429481,433783,2,29/03/2019,3,1,1,1,1,1,3,1,69
427019,433105,1,29/03/2019,6,1,1,1,9,3,3,2,24
426820,437994,2,29/03/2019,3,1,1,1,9,1,3,2,64
433652,441921,2,30/03/2019,6,1,1,1,1,2,2,1,56
426206,427501,2,29/03/2019,6,1,1,1,1,1,3,1,28
436096,434804,2,30/03/2019,6,1,1,1,9,2,3,1,12
420866,434619,3,30/03/2019,3,1,1,1,9,1,3,1,31
420866,434619,3,30/03/2019,3,1,1,1,9,2,3,1,23
420866,434619,3,30/03/2019,3,1,1,1,9,2,2,2,19
427503,429774,2,30/03/2019,6,1,1,1,9,1,3,1,22
427503,429774,2,30/03/2019,6,1,1,1,9,3,3,1,15
427503,429774,2,30/03/2019,6,1,1,1,9,3,3,1,16
425247,435203,2,30/03/2019,6,1,1,1,4,1,2,1,27
421772,435301,2,30/03/2019,6,1,1,1,5,1,3,1,37
429158,431642,2,30/03/2019,6,1,1,1,8,2,3,2,24
431157,436395,3,30/03/2019,4,2,4,2,9,1,3,2,63
442620,427049,2,31/03/2019,3,1,1,1,1,1,3,1,48
441119,449123,2,31/03/2019,2,1,1,1,9,1,3,2,46
427079,426116,2,31/03/2019,1,1,1,1,9,1,3,2,22
427079,426116,2,31/03/2019,1,1,1,1,9,2,3,1,22
430069,433832,1,02/04/2019,3,1,1,1,9,3,3,1,30
424190,434807,1,02/04/2019,6,1,1,1,9,3,3,1,13
431929,433576,2,02/04/2019,6,1,1,1,2,1,3,1,60
422376,433974,3,02/04/2019,3,1,1,1,9,1,3,2,28
429026,437513,2,02/04/2019,6,1,1,1,9,1,3,2,26
429026,437513,2,02/04/2019,6,1,1,1,9,1,3,1,31
426465,435683,2,03/04/2019,6,1,1,1,1,1,3,1,29
428979,429107,6,03/04/2019,6,1,1,1,9,2,3,2,44
428979,429107,6,03/04/2019,6,1,1,1,9,1,3,1,30
428979,429107,6,03/04/2019,6,1,1,1,9,1,3,2,19
428979,429107,6,03/04/2019,6,1,1,1,9,2,3,2,18
426954,433362,3,05/04/2019,6,1,4,1,9,1,3,1,20
426954,433362,3,05/04/2019,6,1,4,1,9,2,3,2,19
432523,427557,2,03/04/2019,3,2,4,1,9,1,3,1,38
432523,427557,2,03/04/2019,3,2,4,1,9,1,3,2,23
430741,430567,2,04/04/2019,1,1,1,1,9,2,3,2,37
439321,426151,2,04/04/2019,6,1,7,1,1,1,3,1,14
428610,434848,1,15/04/2019,6,1,7,1,9,1,3,1,32
433150,432309,2,05/04/2019,6,1,1,1,1,1,3,1,33
433391,434069,2,05/04/2019,6,1,1,1,22,1,2,1,76
427466,436555,2,05/04/2019,6,1,1,1,1,1,3,1,21
427127,434793,1,05/04/2019,3,1,1,1,3,1,3,2,31
426484,433523,1,05/04/2019,6,1,1,1,11,2,2,2,62
427834,433379,1,05/04/2019,6,1,4,1,9,2,2,1,18
433742,426701,2,06/04/2019,6,1,1,1,5,1,3,1,48
429816,434406,2,05/04/2019,3,1,1,1,9,1,3,2,42
424577,435158,2,06/04/2019,6,1,1,1,9,1,3,1,35
428981,425982,4,06/04/2019,3,1,1,1,9,2,3,1,7
428981,425982,4,06/04/2019,3,1,1,1,9,2,3,1,9
435794,425983,2,06/04/2019,1,1,1,1,9,1,3,2,43
435794,425983,2,06/04/2019,1,1,1,1,9,1,3,2,20
432254,434690,2,06/04/2019,6,1,1,1,9,1,3,1,50
427465,431903,3,06/04/2019,3,1,1,1,9,1,3,1,27
430511,425152,2,07/04/2019,6,1,1,1,9,2,3,2,85
430477,435598,2,06/04/2019,3,1,1,1,1,1,3,1,16
430124,433381,1,08/04/2019,6,1,1,1,11,3,3,1,29
430241,433266,1,09/04/2019,6,1,4,1,8,3,2,2,41
427209,430643,2,15/02/2019,1,9,1,9,9,1,3,1,65
430814,433937,2,09/04/2019,3,1,1,1,1,1,3,1,13
424900,437958,2,09/04/2019,6,1,1,1,8,2,3,2,38
428799,430468,2,10/04/2019,6,1,1,1,9,1,3,2,32
429048,432363,2,10/04/2019,6,1,1,1,1,1,3,1,21
431114,435189,3,10/04/2019,6,1,1,1,9,2,3,1,20
431114,435189,3,10/04/2019,6,1,1,1,9,2,3,2,17
432731,427497,2,10/04/2019,6,1,1,1,1,1,3,1,29
431383,424983,3,10/04/2019,1,1,1,1,9,1,3,2,30
424578,435157,1,11/04/2019,3,1,1,1,11,2,3,2,80
424158,428190,2,11/04/2019,3,1,1,1,9,2,3,2,43
424647,428146,1,12/04/2019,6,1,1,1,19,3,2,1,26
430631,433738,1,12/04/2019,6,1,1,1,9,3,2,1,8
430838,433997,2,12/04/2019,6,1,1,1,1,1,3,1,42
427676,435058,2,12/04/2019,6,1,1,1,9,1,3,2,24
437565,429652,3,12/04/2019,6,1,6,1,9,1,2,1,39
425911,436694,2,12/04/2019,6,1,4,1,4,1,2,1,39
443344,439007,2,13/04/2019,1,1,1,1,9,1,3,1,28
433869,434042,2,13/04/2019,4,1,1,1,1,1,3,1,31
431652,430543,2,15/04/2019,1,1,1,1,5,1,3,1,36
425309,440914,2,13/04/2019,6,1,1,1,1,1,3,1,10
445374,431776,4,14/04/2019,2,1,1,1,9,1,3,2,37
445374,431776,4,14/04/2019,2,1,1,1,9,2,3,2,37
445374,431776,4,14/04/2019,2,1,1,1,9,2,3,2,10
445374,431776,4,14/04/2019,2,1,1,1,9,2,3,1,11
445374,431776,4,14/04/2019,2,1,1,1,9,1,3,1,35
435512,434799,1,13/04/2019,6,1,7,1,9,3,3,1,58
428454,428617,1,14/04/2019,3,1,1,1,9,1,3,1,27
422439,427907,2,15/04/2019,3,1,1,1,9,1,3,1,30
422439,427907,2,15/04/2019,3,1,1,1,9,2,3,2,30
430350,434777,1,15/04/2019,6,1,1,1,9,3,3,1,1
430054,431089,2,15/04/2019,6,1,1,1,1,1,3,2,25
431295,435614,1,15/04/2019,6,1,1,1,9,3,3,1,3
432136,433587,3,15/04/2019,3,1,1,1,1,1,2,1,22
435873,436373,2,15/04/2019,3,1,1,1,9,1,3,2,38
435873,436373,2,15/04/2019,3,1,1,1,9,2,3,2,46
428541,431539,2,16/04/2019,3,1,1,1,9,1,3,1,25
430860,434162,2,16/04/2019,6,1,1,1,1,1,3,1,33
439327,432427,1,16/04/2019,6,1,4,1,9,1,3,1,30
426008,428229,3,17/04/2019,6,1,1,1,1,1,3,1,18
429538,431090,1,17/04/2019,6,1,1,1,9,3,3,1,14
430431,437061,1,17/04/2019,6,1,1,1,9,3,3,1,48
437614,429691,2,17/04/2019,3,1,1,1,5,1,2,1,26
425093,431059,2,17/04/2019,6,1,4,1,9,1,3,1,43
431257,429730,3,18/04/2019,6,1,1,1,3,1,2,1,22
431655,435326,2,18/04/2019,3,1,1,1,19,1,3,1,37
427172,433659,2,18/04/2019,3,1,1,1,4,1,2,1,39
431890,435661,1,19/04/2019,6,1,1,1,9,3,3,1,17
430063,433772,1,19/04/2019,6,1,1,1,9,3,2,2,20
428933,425983,2,19/04/2019,3,1,1,1,9,1,3,2,32
428933,425983,2,19/04/2019,3,1,1,1,9,2,3,1,9
429536,434221,1,19/04/2019,2,1,1,1,5,1,2,1,50
428503,434474,2,19/04/2019,6,1,4,1,1,1,3,1,23
419534,441610,1,20/04/2019,3,1,1,1,9,3,2,2,12
421553,435972,1,20/04/2019,3,1,1,1,9,3,2,2,13
421553,435972,1,20/04/2019,3,1,1,1,9,3,3,2,13
430736,435008,2,20/04/2019,3,1,1,1,11,2,3,2,74
422673,437258,2,20/04/2019,3,1,1,1,9,1,3,1,26
422673,437258,2,20/04/2019,3,1,1,1,9,2,3,2,27
422673,437258,2,20/04/2019,3,1,1,1,9,2,3,1,27
422673,437258,2,20/04/2019,3,1,1,1,9,2,3,1,27
435429,439804,2,21/04/2019,3,1,1,1,9,2,2,2,88
435429,439804,2,21/04/2019,3,1,1,1,9,1,2,2,83
435429,439804,2,21/04/2019,3,1,1,1,9,1,3,2,42
435429,439804,2,21/04/2019,3,1,1,1,9,2,3,1,17
431402,435029,2,21/04/2019,6,1,1,1,1,1,2,1,28
431887,435026,1,21/04/2019,6,1,4,1,9,3,3,1,11
430937,433301,1,22/04/2019,3,1,4,1,90,3,3,1,26
442111,427617,3,22/04/2019,6,1,1,1,19,1,3,2,47
423084,434894,2,22/04/2019,6,1,1,1,3,1,3,1,22
433982,433995,1,22/04/2019,4,1,1,1,4,1,3,1,17
435188,435710,1,22/04/2019,6,1,1,1,11,2,3,2,69
431422,435057,1,21/04/2019,6,1,4,1,9,3,2,1,31
430524,437028,3,23/04/2019,6,1,1,1,9,1,3,1,36
430524,437028,3,23/04/2019,6,1,1,1,9,1,3,2,43
435638,425906,2,23/04/2019,1,1,1,1,9,1,3,2,38
424899,434907,2,23/04/2019,6,1,1,1,3,1,3,1,20
436751,433643,1,23/04/2019,3,1,1,1,9,3,3,2,64
424992,432896,2,24/04/2019,4,1,1,1,19,1,3,1,52
432133,429422,2,25/04/2019,1,1,1,1,19,1,3,1,33
432133,429422,2,25/04/2019,1,1,1,1,9,1,3,1,52
433271,429060,2,24/04/2019,6,1,1,1,4,2,3,1,19
429895,433695,1,29/04/2019,6,1,1,1,9,3,3,2,34
432240,435018,2,24/04/2019,6,2,1,1,9,1,3,1,42
432240,435018,2,24/04/2019,6,2,1,1,9,2,3,2,38
424005,434533,2,25/04/2019,6,1,1,1,9,2,3,2,9
427722,434064,3,25/04/2019,6,1,1,1,9,1,3,1,30
431398,435816,1,26/04/2019,6,1,1,1,9,3,3,2,4
429675,433381,1,26/04/2019,6,1,1,1,19,3,3,2,26
424143,428165,2,26/04/2019,3,1,1,1,9,2,3,2,55
430870,435486,2,31/03/2019,6,1,1,1,9,2,3,1,77
428345,431276,1,26/04/2019,6,1,1,1,19,3,3,1,54
423816,438093,1,26/04/2019,6,2,1,2,9,3,2,2,81
428142,435848,2,26/04/2019,3,1,1,1,1,1,3,1,29
430325,433305,1,26/04/2019,6,1,1,1,11,3,2,1,36
423890,434278,2,25/04/2019,6,1,1,1,9,1,3,1,40
429241,427955,1,27/04/2019,6,2,1,1,11,3,2,1,6
442620,428001,3,28/04/2019,3,1,1,1,3,1,3,1,60
442620,428001,3,28/04/2019,3,1,1,1,9,1,3,2,58
427947,435947,1,28/04/2019,6,1,1,1,9,3,2,1,37
428219,436262,1,28/04/2019,6,1,1,1,9,3,3,1,18
435513,433299,1,29/04/2019,6,1,4,1,9,2,2,2,25
427520,435875,2,29/04/2019,4,1,4,1,9,1,3,2,20
427520,435875,2,29/04/2019,4,1,4,1,9,1,3,1,48
427520,435875,2,29/04/2019,4,1,4,1,9,2,3,1,29
428336,429529,2,29/04/2019,3,1,1,1,9,1,3,2,30
429796,433786,2,26/04/2019,6,1,1,1,8,1,3,1,52
417950,443044,3,29/04/2019,3,1,1,1,9,1,3,2,69
440434,446486,1,30/04/2019,2,1,1,1,9,1,3,2,34
429391,433839,2,30/04/2019,2,1,1,1,9,2,3,1,24
434065,435140,3,30/04/2019,6,1,1,1,9,1,3,1,61
420109,444969,2,01/05/2019,3,1,1,1,9,1,3,1,63
429968,436639,2,01/05/2019,3,1,1,1,1,1,3,2,43
426846,438036,2,01/05/2019,3,1,1,1,1,1,3,1,51
430857,434346,1,01/05/2019,3,1,1,1,9,1,2,1,66
430857,434346,1,01/05/2019,3,1,1,1,9,2,3,2,62
429333,430476,2,01/05/2019,6,1,1,1,9,1,3,2,33
424528,435097,1,02/05/2019,6,2,1,2,9,2,3,2,58
432179,426091,1,02/05/2019,1,1,1,1,9,1,3,1,50
429137,433089,3,03/05/2019,6,1,1,1,19,1,3,1,61
430801,435342,2,03/05/2019,6,1,1,1,9,1,3,2,63
424269,429073,2,04/05/2019,6,1,1,1,9,3,3,2,66
427972,433617,2,03/05/2019,3,1,1,1,9,1,3,2,67
432009,436161,2,04/05/2019,6,1,1,1,9,1,3,2,41
430906,432294,2,06/05/2019,3,1,4,1,9,1,3,2,24
430906,432294,2,06/05/2019,3,1,4,1,8,1,3,1,46
429602,434277,1,06/05/2019,2,1,1,1,9,1,3,1,32
430408,431800,1,06/05/2019,1,3,1,8,5,1,3,1,29
431889,435693,2,06/05/2019,6,1,1,1,9,1,3,2,41
431889,435693,2,06/05/2019,6,1,1,1,9,2,3,1,66
431889,435693,2,06/05/2019,6,1,1,1,9,2,3,2,37
442243,442962,4,07/05/2019,3,1,1,1,9,1,3,1,22
442243,442962,4,07/05/2019,3,1,1,1,9,2,3,2,45
423808,439246,2,08/05/2019,6,2,1,2,3,1,3,2,43
431638,437180,2,08/05/2019,6,1,1,1,1,1,2,1,15
425996,428206,2,08/05/2019,6,2,1,1,9,2,3,2,29
428377,434060,2,08/05/2019,3,2,1,2,1,1,3,2,62
429989,434179,2,08/05/2019,3,2,1,1,9,1,3,1,36
430035,433378,1,09/05/2019,6,2,1,2,11,2,3,1,70
427943,436117,2,10/05/2019,3,1,1,1,1,1,3,1,51
431067,434319,2,10/05/2019,6,1,1,1,9,1,3,1,37
422156,436666,2,11/05/2019,3,1,1,1,2,1,3,1,24
429586,434718,1,10/05/2019,3,2,1,2,11,2,3,2,58
432193,444976,2,11/05/2019,3,2,1,2,9,1,3,2,21
432193,444976,2,11/05/2019,3,2,1,2,9,2,3,2,56
435236,437607,2,13/10/2019,3,1,1,1,19,3,3,1,56
427772,432628,2,11/05/2019,6,2,1,5,9,1,2,1,54
427772,432628,2,11/05/2019,6,2,1,5,9,1,2,1,18
427772,432628,2,11/05/2019,6,2,1,5,9,2,2,1,17
427772,432628,2,11/05/2019,6,2,1,5,9,2,3,1,18
427772,432628,2,11/05/2019,6,2,1,5,9,2,3,1,18
427772,432628,2,11/05/2019,6,2,1,5,9,2,3,1,18
432288,435052,1,11/05/2019,6,2,1,2,9,3,3,1,34
428902,429818,2,11/05/2019,6,2,1,1,9,1,3,2,44
428902,429818,2,11/05/2019,6,2,1,1,9,2,3,2,25
428902,429818,2,11/05/2019,6,2,1,1,9,1,3,2,31
428902,429818,2,11/05/2019,6,2,1,1,9,2,3,2,12
431885,435489,2,11/05/2019,6,2,1,2,3,1,3,1,28
440613,429143,2,11/05/2019,6,1,4,1,3,1,3,1,20
427963,434367,2,11/05/2019,6,1,6,1,1,1,3,1,34
435501,433594,2,12/05/2019,6,1,1,1,11,2,3,1,36
435501,433594,2,12/05/2019,6,1,1,1,11,2,3,1,5
435501,433594,2,12/05/2019,6,1,1,1,11,2,3,1,6
432648,435855,2,12/05/2019,6,1,1,1,9,1,3,1,64
432648,435855,2,12/05/2019,6,1,1,1,9,2,3,1,16
436216,425907,2,12/05/2019,1,1,1,1,9,2,3,2,75
423350,434592,3,13/05/2019,4,1,1,1,9,1,3,2,46
429384,431368,1,13/05/2019,6,1,1,1,19,3,3,1,8
432162,427247,3,15/05/2019,1,1,1,1,9,1,3,1,40
427718,436114,2,14/05/2019,6,1,1,1,1,1,3,1,27
423035,435212,1,10/05/2019,6,1,1,1,9,3,2,2,14
431085,434209,2,14/05/2019,6,1,1,1,1,1,3,2,25
415992,442974,2,15/05/2019,6,1,4,1,9,1,3,2,50
425458,437945,2,15/05/2019,3,1,1,1,9,1,3,2,38
422233,433553,1,15/05/2019,4,1,1,1,9,3,2,2,63
431591,430986,2,15/05/2019,6,1,1,1,1,1,2,1,12
431336,435048,2,15/05/2019,6,1,1,1,1,1,3,1,51
433212,426335,2,15/05/2019,6,1,1,1,9,2,3,2,11
423531,435422,1,15/05/2019,4,1,1,2,9,3,2,1,30
434203,436974,2,15/05/2019,3,1,4,1,5,1,3,1,47
431871,435947,2,15/05/2019,6,1,1,1,9,1,3,1,27
434925,437444,3,16/05/2019,6,1,1,1,9,1,3,2,30
434925,437444,3,16/05/2019,6,1,1,1,9,2,3,2,30
434925,437444,3,16/05/2019,6,1,1,1,9,2,3,2,7
426436,433296,1,16/05/2019,6,1,1,1,9,3,3,2,52
429780,438894,2,10/05/2019,3,1,1,1,1,1,3,1,42
430297,433832,1,16/05/2019,6,1,1,1,8,3,3,1,29
442073,431753,1,16/05/2019,3,1,1,1,3,1,2,2,25
432131,429375,2,18/05/2019,3,1,1,1,1,1,3,1,44
438037,438422,4,17/05/2019,3,1,1,1,9,1,3,2,73
438037,438422,4,17/05/2019,3,1,1,1,9,2,3,2,25
438037,438422,4,17/05/2019,3,1,1,1,9,2,3,2,31
430079,434406,2,16/05/2019,2,1,1,1,9,1,3,2,43
430836,433983,2,17/05/2019,6,1,1,1,9,2,3,2,10
433087,435820,2,17/05/2019,6,1,1,1,9,1,3,1,35
429978,437643,2,18/05/2019,6,1,1,1,2,1,3,1,26
427569,436879,2,19/05/2019,3,1,1,1,1,1,3,1,38
429133,431868,1,20/05/2019,6,1,1,1,4,3,3,1,28
430707,438575,2,20/05/2019,6,1,1,1,4,1,3,1,37
430512,433453,1,21/05/2019,6,1,1,1,11,2,3,2,51
432859,435383,2,21/05/2019,6,1,1,1,9,1,3,1,77
432133,434947,2,21/05/2019,6,1,1,1,1,1,3,1,24
424965,432221,1,22/05/2019,6,1,1,1,9,3,3,2,12
431300,437028,2,22/05/2019,6,1,1,1,9,1,3,2,27
427169,435879,2,22/05/2019,6,1,1,1,1,1,2,2,22
435758,434450,2,22/05/2019,6,1,4,1,9,1,3,2,35
434580,430848,1,23/05/2019,1,1,1,1,9,1,3,1,21
433562,435270,2,23/05/2019,6,1,1,1,1,1,3,1,16
429334,433240,1,24/05/2019,4,1,1,1,5,3,2,2,44
432786,436848,2,24/05/2019,6,1,1,1,5,1,3,1,60
428882,430127,2,24/05/2019,6,1,1,1,9,1,3,2,40
421917,432966,2,25/05/2019,4,1,1,1,1,1,3,1,31
431693,425283,4,25/05/2019,1,1,1,1,9,1,3,1,55
431693,425283,4,25/05/2019,1,1,1,1,9,1,3,1,47
434136,433895,2,25/05/2019,4,1,1,1,11,2,2,2,63
434136,433895,2,25/05/2019,4,1,1,1,11,2,3,2,44
434136,433895,2,25/05/2019,4,1,1,1,11,2,3,2,40
434615,441233,2,25/05/2019,6,2,1,2,3,1,3,1,22
431274,434604,2,25/05/2019,6,1,1,1,9,2,3,2,30
429468,430993,2,26/05/2019,6,2,1,2,1,1,2,1,19
428089,434900,2,25/05/2019,6,1,1,1,9,1,3,2,26
418143,442485,2,26/05/2019,3,2,1,2,9,1,3,2,60
418143,442485,2,26/05/2019,3,2,1,2,9,2,3,1,59
436145,435314,2,26/05/2019,3,1,1,1,9,2,3,2,25
435464,437288,2,26/05/2019,3,1,1,4,9,1,2,2,38
435464,437288,2,26/05/2019,3,1,1,4,19,1,3,1,28
439015,431739,2,26/05/2019,3,1,1,1,1,1,3,2,20
427833,435806,2,26/05/2019,6,1,1,1,9,1,3,2,68
427833,435806,2,26/05/2019,6,1,1,1,8,1,3,1,52
427833,435806,2,26/05/2019,6,1,1,1,8,2,3,2,19
431487,433580,1,26/05/2019,3,1,7,1,8,3,3,2,30
425576,434243,2,28/05/2019,3,1,4,1,1,1,1,1,25
424320,427890,2,29/05/2019,1,1,1,1,9,2,3,1,4
432151,427338,3,30/05/2019,1,1,1,1,9,1,3,1,36
432151,427338,3,30/05/2019,1,1,1,1,9,1,3,1,31
432151,427338,3,30/05/2019,1,1,1,1,9,2,3,2,29
432151,427338,3,30/05/2019,1,1,1,1,9,2,3,2,1
430339,425047,2,30/05/2019,3,1,1,1,9,1,3,1,54
427256,444361,2,30/05/2019,6,1,1,1,1,1,3,1,46
431800,425392,3,31/05/2019,1,1,1,1,9,1,3,1,44
431800,425392,3,31/05/2019,1,1,1,1,9,2,3,1,52
431800,425392,3,31/05/2019,1,1,1,1,9,1,3,1,56
431800,425392,3,31/05/2019,1,1,1,1,9,2,3,1,39
431800,425392,3,31/05/2019,1,1,1,1,9,1,3,2,46
424092,428106,2,01/06/2019,6,1,1,1,9,1,3,2,54
436750,436321,3,01/06/2019,6,1,1,1,9,1,3,2,61
425627,433079,2,01/06/2019,6,1,1,1,5,1,2,1,61
432289,444344,2,01/06/2019,3,1,1,1,1,1,2,1,49
428769,432727,2,01/06/2019,3,1,4,1,9,1,3,1,59
435912,436248,2,01/06/2019,3,1,1,1,5,1,3,1,46
426991,427914,2,04/06/2019,6,1,1,1,9,1,3,2,39
425272,432888,1,04/06/2019,6,1,1,1,9,3,3,1,11
421180,441480,1,04/06/2019,6,2,1,2,9,3,3,2,70
423049,434159,3,04/06/2019,3,2,1,2,9,2,3,1,15
423049,434159,3,04/06/2019,3,2,1,2,9,2,3,2,21
426546,428241,1,05/06/2019,6,1,1,1,11,2,3,2,71
428071,434988,1,06/06/2019,6,1,1,1,9,3,2,1,33
440840,442755,2,06/06/2019,6,1,1,1,9,1,3,2,46
429423,428211,1,06/06/2019,6,1,1,1,11,2,3,2,30
429423,428211,1,06/06/2019,6,1,1,1,11,2,3,2,2
428983,425984,2,06/06/2019,3,1,1,1,9,2,3,2,75
427646,434743,2,06/06/2019,6,1,1,1,1,1,3,1,52
432030,435262,1,06/06/2019,6,1,1,1,9,3,2,2,7
432030,435262,1,06/06/2019,6,1,1,1,9,3,2,2,35
429654,433381,1,07/06/2019,6,1,1,1,8,3,2,1,55
430697,434523,3,08/06/2019,6,2,4,1,9,1,3,2,41
430697,434523,3,08/06/2019,6,2,4,1,9,2,3,1,30
430091,431311,1,09/06/2019,3,1,4,1,9,3,3,1,21
426584,433440,1,09/06/2019,6,1,4,1,9,1,3,1,23
437230,437747,3,09/06/2019,3,1,1,1,9,1,3,1,33
437230,437747,3,09/06/2019,3,1,1,1,9,1,3,1,48
429857,433410,2,08/06/2019,6,2,1,1,8,2,3,2,22
431488,429559,2,10/06/2019,6,1,1,1,9,1,3,2,32
431488,429559,2,10/06/2019,6,1,1,1,9,2,3,2,11
431488,429559,2,10/06/2019,6,1,1,1,9,2,3,2,11
426470,427642,1,10/06/2019,6,1,1,1,9,3,2,1,82
442984,427731,2,10/06/2019,6,2,1,2,9,1,3,1,55
430438,434355,2,10/06/2019,6,1,1,1,3,1,2,1,29
430021,435532,2,11/06/2019,6,1,1,1,1,1,3,1,52
429737,438346,2,11/06/2019,4,2,1,2,9,1,3,1,51
423806,438264,1,11/06/2019,6,2,1,1,9,3,3,1,13
425023,433179,1,11/06/2019,3,1,1,1,9,1,2,1,35
430807,435341,2,11/06/2019,6,2,1,2,1,1,3,1,27
428003,426155,4,11/06/2019,3,2,1,1,9,1,3,2,48
424991,432897,2,11/06/2019,6,2,1,2,9,1,3,1,37
426822,434974,2,12/06/2019,3,2,1,2,1,1,2,1,40
424759,444404,1,12/06/2019,3,2,4,2,9,1,3,2,30
433662,434316,2,13/06/2019,6,2,1,2,9,1,2,1,66
433662,434316,2,13/06/2019,6,2,1,2,9,2,2,2,60
429683,425693,2,13/06/2019,3,2,1,2,9,1,3,2,27
429683,425693,2,13/06/2019,3,2,1,2,9,2,3,1,3
433426,435894,2,12/06/2019,6,2,1,2,1,1,3,1,11
428324,429565,2,14/06/2019,3,1,1,1,9,1,3,2,46
442987,441349,5,14/06/2019,2,1,1,1,9,2,3,2,64
429138,433089,2,14/06/2019,6,2,1,1,9,1,3,2,22
429138,433089,2,14/06/2019,6,2,1,1,9,2,3,2,61
429138,433089,2,14/06/2019,6,2,1,1,9,1,3,1,53
423983,429736,2,15/06/2019,6,1,1,1,9,1,3,1,53
430411,433471,1,15/06/2019,6,2,1,2,8,3,3,2,13
430024,434091,1,15/06/2019,6,2,1,2,9,3,3,1,5
422801,433542,2,16/06/2019,6,1,7,1,9,1,2,1,32
422801,433542,2,16/06/2019,6,1,7,1,9,1,2,1,21
435816,437728,2,16/06/2019,6,1,1,1,9,3,2,2,48
419497,445019,2,16/06/2019,3,1,1,1,9,1,3,1,48
419497,445019,2,16/06/2019,3,1,1,1,9,2,3,1,20
434722,436852,1,17/06/2019,6,1,1,1,9,3,3,1,8
436167,427495,1,17/06/2019,3,1,1,1,1,1,3,2,25
427073,433706,2,18/06/2019,3,1,1,1,3,1,3,1,21
427643,429947,2,18/06/2019,3,1,1,1,9,1,3,2,24
427643,429947,2,18/06/2019,3,1,1,1,9,2,3,2,74
426542,433400,1,18/06/2019,6,1,1,1,9,3,2,2,12
426289,434015,2,18/06/2019,6,2,1,2,1,1,3,1,14
426481,428549,2,18/06/2019,3,2,1,2,1,1,3,1,48
431616,426420,2,19/06/2019,1,2,4,2,17,1,3,1,65
426513,435657,2,19/06/2019,6,2,1,2,1,1,3,1,23
428800,436942,2,19/06/2019,6,1,1,1,9,1,3,1,33
428800,436942,2,19/06/2019,6,1,1,1,3,1,2,1,23
426310,427963,2,19/06/2019,6,1,1,1,3,1,3,1,43
423345,433945,2,19/06/2019,6,1,1,1,1,1,3,1,16
424093,428105,2,20/06/2019,3,1,1,1,9,1,3,1,23
430074,434403,3,20/06/2019,3,1,1,1,9,1,3,2,32
430074,434403,3,20/06/2019,3,1,1,1,9,2,3,2,32
431322,433913,2,20/06/2019,6,1,1,1,9,1,3,1,45
431322,433913,2,20/06/2019,6,1,1,1,9,2,3,2,47
437454,432737,2,20/06/2019,6,1,1,1,1,1,3,2,48
430816,435056,1,21/06/2019,6,1,1,1,9,3,2,1,38
435431,439805,2,21/06/2019,3,1,1,1,9,1,3,2,28
426095,435591,2,21/06/2019,6,1,1,1,9,1,3,1,28
421187,445783,2,21/06/2019,3,1,1,1,1,1,3,1,26
426119,437499,2,21/06/2019,6,1,1,1,1,1,3,1,28
429131,431827,3,23/06/2019,1,1,1,1,9,2,3,2,6
436443,425946,1,24/06/2019,1,2,6,2,9,1,3,1,68
435600,436435,2,24/06/2019,6,1,1,1,9,1,3,1,23
435600,436435,2,24/06/2019,6,1,1,1,9,2,3,1,3
435600,436435,2,24/06/2019,6,1,1,1,9,1,3,2,52
431206,431839,1,24/06/2019,3,1,1,1,9,3,3,2,13
437534,433228,2,24/06/2019,3,1,1,1,9,1,3,2,39
437534,433228,2,24/06/2019,3,1,1,1,9,1,3,1,74
428490,434321,3,24/06/2019,6,1,1,1,1,1,2,1,13
429847,444790,2,24/06/2019,6,1,1,1,9,2,2,1,13
429847,444790,2,24/06/2019,6,1,1,1,9,2,3,1,23
429847,444790,2,24/06/2019,6,1,1,1,19,1,3,2,52
429847,444790,2,24/06/2019,6,1,1,1,19,2,3,1,56
432285,426113,2,12/06/2019,1,1,1,1,9,1,3,2,21
428087,434919,1,25/06/2019,6,2,1,1,9,3,3,2,67
429585,431562,2,25/06/2019,6,2,1,1,9,1,3,2,71
431627,435288,2,25/06/2019,3,1,1,1,9,1,3,1,56
437657,433128,2,25/06/2019,3,1,1,1,1,1,2,1,36
429386,435421,2,25/06/2019,6,1,1,1,9,1,3,1,24
429386,435421,2,25/06/2019,6,1,1,1,9,1,3,2,25
429386,435421,2,25/06/2019,6,1,1,1,9,2,3,2,19
431110,435031,3,25/06/2019,6,2,4,2,9,1,3,1,48
430010,425136,6,26/06/2019,3,2,1,1,9,1,2,1,33
430010,425136,6,26/06/2019,3,2,1,1,9,2,2,1,17
430010,425136,6,26/06/2019,3,2,1,1,9,2,1,1,34
430010,425136,6,26/06/2019,3,2,1,1,9,2,2,1,25
430010,425136,6,26/06/2019,3,2,1,1,9,2,1,1,26
430010,425136,6,26/06/2019,3,2,1,1,9,1,2,1,59
430010,425136,6,26/06/2019,3,2,1,1,9,1,3,1,26
430272,433057,2,24/06/2019,6,1,1,1,3,1,3,1,47
431288,437146,2,26/06/2019,6,1,1,1,3,1,3,1,22
431398,433361,1,27/06/2019,6,2,1,1,9,3,3,2,51
431919,430500,2,10/06/2019,3,1,1,1,9,1,3,2,38
428985,429563,2,27/06/2019,6,1,1,1,9,1,2,1,29
424479,438281,1,27/06/2019,6,1,1,1,9,3,3,1,6
431839,435978,2,27/06/2019,4,1,1,1,9,1,3,2,52
431839,435978,2,27/06/2019,4,1,1,1,9,1,3,2,22
427485,431317,2,27/06/2019,3,1,1,1,9,2,3,1,20
430490,431745,2,28/06/2019,3,1,1,1,9,2,3,2,40
430480,433455,1,28/06/2019,6,1,1,1,9,3,3,2,38
428924,443138,2,28/06/2019,6,1,1,1,5,1,2,1,41
435956,428271,2,28/06/2019,3,1,1,1,1,1,3,1,33
430576,430894,2,29/06/2019,6,1,1,1,9,1,2,2,83
430645,435628,1,28/06/2019,6,1,1,1,9,3,3,1,7
435739,433260,1,29/06/2019,6,1,1,1,9,3,3,1,3
437969,440624,2,29/06/2019,6,1,1,1,1,1,2,1,56
434089,429953,1,29/06/2019,1,1,1,1,5,1,3,1,61
430439,431745,3,29/06/2019,1,1,1,1,10,2,3,1,45
430439,431745,3,29/06/2019,1,1,1,1,9,1,3,2,30
430439,431745,3,29/06/2019,1,1,1,1,10,2,3,1,27
434191,435125,2,29/06/2019,6,1,4,1,2,1,3,1,16
432375,435136,2,30/06/2019,6,2,4,2,9,1,3,1,20
432375,435136,2,30/06/2019,6,2,4,2,9,1,3,2,41
443620,435469,1,01/07/2019,2,1,1,1,21,1,3,1,49
425632,435391,2,01/07/2019,6,1,1,1,1,1,3,1,33
431889,435623,1,01/07/2019,6,1,1,1,9,3,3,1,24
420472,440317,2,01/07/2019,3,1,1,1,9,1,3,2,55
433982,433995,3,01/07/2019,4,1,1,1,9,1,3,2,36
433982,433995,3,01/07/2019,4,1,1,1,9,2,3,2,24
427875,434393,2,02/07/2019,3,1,1,1,1,1,3,1,32
421314,434448,2,02/07/2019,4,1,1,1,1,1,3,1,27
429077,433519,2,02/07/2019,3,1,1,1,9,1,3,1,21
428290,435116,2,30/06/2019,6,1,1,1,9,1,3,1,22
428290,435116,2,30/06/2019,6,1,1,1,9,2,3,2,23
419930,441983,2,02/07/2019,6,1,1,1,9,1,3,2,31
433402,434077,1,01/07/2019,6,1,1,1,9,1,3,2,45
427238,433808,1,03/07/2019,6,1,1,1,9,3,3,2,2
437151,437681,1,04/07/2019,3,1,1,1,9,3,3,1,30
427511,433704,2,04/07/2019,3,1,1,1,1,1,3,1,37
431500,430577,2,04/07/2019,6,1,1,1,9,1,2,1,19
431500,430577,2,04/07/2019,6,1,1,1,9,2,2,1,25
431340,431884,2,04/07/2019,6,1,1,1,9,1,3,1,29
431340,431884,2,04/07/2019,6,1,1,1,9,1,3,2,27
431340,431884,2,04/07/2019,6,1,1,1,9,2,3,2,18
429035,433672,2,04/07/2019,3,1,1,1,9,1,3,2,33
425087,435937,1,04/07/2019,3,1,1,1,11,2,3,2,29
441670,430498,1,04/07/2019,6,1,7,1,9,3,3,2,25
427122,434796,2,05/07/2019,3,1,1,1,1,1,3,1,43
429055,429678,2,27/06/2019,6,1,1,1,11,2,3,2,44
430301,434778,2,03/07/2019,6,1,1,1,1,1,2,1,52
430397,438008,2,05/07/2019,6,1,1,1,1,1,3,2,30
424984,432681,1,05/07/2019,6,1,1,1,9,3,3,2,8
436150,434720,1,05/07/2019,6,1,1,1,22,3,3,1,47
434767,436483,1,05/07/2019,6,1,1,1,9,3,3,2,5
427944,436117,2,06/07/2019,3,1,1,1,1,1,3,2,40
433149,426328,2,06/07/2019,3,1,1,1,9,1,3,2,17
433149,426328,2,06/07/2019,3,1,1,1,9,2,3,2,2
425144,437876,2,06/07/2019,3,1,1,1,9,1,3,1,25
425144,437876,2,06/07/2019,3,1,1,1,9,2,3,2,34
425144,437876,2,06/07/2019,3,1,1,1,9,2,3,2,27
425144,437876,2,06/07/2019,3,1,1,1,9,2,3,2,27
432117,432760,3,05/07/2019,5,1,1,1,9,1,3,2,28
432117,432760,3,05/07/2019,5,1,1,1,9,2,3,2,23
426562,430241,2,07/07/2019,3,1,1,1,4,1,3,1,23
422994,428612,1,07/07/2019,6,1,1,1,9,3,2,1,10
430080,434403,2,07/07/2019,3,1,1,1,9,1,3,2,33
430375,426388,1,07/07/2019,6,1,4,1,9,2,1,1,23
430375,426388,1,07/07/2019,6,1,4,1,9,2,3,1,20
430375,426388,1,07/07/2019,6,1,4,1,9,2,2,1,22
430375,426388,1,07/07/2019,6,1,4,1,9,1,2,1,30
440688,447731,2,08/07/2019,3,1,1,1,9,1,3,2,41
442248,449107,2,01/07/2019,4,1,1,1,1,1,3,1,26
429500,433453,2,09/07/2019,6,1,1,1,1,1,3,1,35
424532,435628,4,09/07/2019,6,1,1,1,9,3,2,1,34
431403,433514,1,09/07/2019,6,1,1,1,4,3,3,1,16
429775,435099,1,10/07/2019,6,1,1,1,9,3,3,1,48
428577,427871,2,10/07/2019,3,1,1,1,1,1,3,1,21
430012,432644,2,10/07/2019,3,1,1,1,9,1,3,2,28
428365,432525,3,11/07/2019,3,1,1,1,9,1,3,1,26
437789,432332,2,11/07/2019,1,1,1,1,19,1,3,1,43
437789,432332,2,11/07/2019,1,1,1,1,9,1,3,1,63
432361,434990,1,11/07/2019,6,1,1,1,9,3,2,1,6
430675,424626,2,11/07/2019,3,1,1,1,4,1,3,1,39
437762,436980,1,11/07/2019,6,1,1,1,9,3,3,1,8
431144,433612,2,11/07/2019,6,1,1,1,9,1,3,1,57
431144,433612,2,11/07/2019,6,1,1,1,9,1,3,2,32
431144,433612,2,11/07/2019,6,1,1,1,9,2,3,1,79
431144,433612,2,11/07/2019,6,1,1,1,9,2,3,2,56
433907,428923,1,11/07/2019,6,1,1,1,8,3,3,1,64
424097,428213,2,12/07/2019,3,1,1,1,3,1,3,1,49
428180,426210,2,12/07/2019,3,1,1,1,3,1,3,1,29
430155,431189,2,12/07/2019,6,1,1,1,9,1,3,2,35
440441,446650,1,12/07/2019,2,1,1,1,5,1,2,1,58
440210,433075,1,12/07/2019,6,1,1,1,9,3,3,1,11
435020,434974,2,13/07/2019,6,1,1,1,9,1,3,2,32
428493,423975,1,13/07/2019,6,1,1,1,9,1,2,1,19
425969,434129,2,13/07/2019,3,1,4,1,9,3,1,1,30
429938,432991,1,14/07/2019,6,2,4,2,8,3,3,1,30
433386,433697,2,14/07/2019,6,1,1,1,9,1,3,1,25
433386,433697,2,14/07/2019,6,1,1,1,9,2,3,2,27
431539,435164,2,14/07/2019,3,1,1,1,3,1,3,1,38
425906,436262,2,15/07/2019,3,1,1,1,9,1,3,2,26
425906,436262,2,15/07/2019,3,1,1,1,9,1,3,1,49
427340,426476,2,15/07/2019,6,1,1,1,9,1,3,1,44
427340,426476,2,15/07/2019,6,1,1,1,9,2,3,1,23
424117,432073,2,15/07/2019,4,1,1,1,1,1,3,1,34
431315,429061,1,15/07/2019,6,1,1,1,9,3,3,1,12
431371,432380,2,16/07/2019,3,1,1,1,9,1,3,1,75
431371,432380,2,16/07/2019,3,1,1,1,9,1,3,1,35
431371,432380,2,16/07/2019,3,1,1,1,9,2,3,1,16
440471,448400,2,16/07/2019,4,1,1,1,1,1,3,1,27
425260,432967,2,16/07/2019,3,1,1,1,9,1,3,1,51
440466,448359,2,16/07/2019,4,1,1,1,1,1,3,1,55
422307,433311,1,17/07/2019,6,1,1,1,11,3,2,1,85
427753,432619,2,17/07/2019,6,1,1,1,1,1,3,1,44
430085,434197,2,15/07/2019,3,1,1,1,1,1,3,1,41
434639,433494,1,17/07/2019,6,1,1,1,8,2,3,2,64
431435,431610,2,18/07/2019,3,1,1,1,9,1,3,1,29
431435,431610,2,18/07/2019,3,1,1,1,9,1,3,2,34
431079,439122,2,18/07/2019,6,1,1,1,1,1,3,1,15
429099,432193,2,18/07/2019,6,1,1,1,9,1,3,1,45
426403,432010,2,18/07/2019,6,1,1,1,1,1,3,1,31
429032,431772,1,18/07/2019,6,1,1,1,2,1,3,1,23
437862,432781,4,18/07/2019,1,1,1,1,9,1,3,1,55
437862,432781,4,18/07/2019,1,1,1,1,9,1,3,1,40
437862,432781,4,18/07/2019,1,1,1,1,9,2,2,1,13
437862,432781,4,18/07/2019,1,1,1,1,9,1,3,1,27
437862,432781,4,18/07/2019,1,1,1,1,9,2,3,2,26
438065,432892,2,19/07/2019,3,2,1,1,1,1,2,1,22
430875,434255,2,19/07/2019,3,2,1,2,1,1,3,1,41
421215,429087,3,19/07/2019,3,2,1,2,19,1,3,1,53
424878,444621,1,19/07/2019,3,2,1,1,9,1,3,2,23
424878,444621,1,19/07/2019,3,2,1,1,9,2,3,1,22
424878,444621,1,19/07/2019,3,2,1,1,9,2,3,1,23
421542,444314,4,19/07/2019,6,2,6,1,9,1,2,1,70
421542,444314,4,19/07/2019,6,2,6,1,9,2,3,2,70
421542,444314,4,19/07/2019,6,2,6,1,9,1,2,2,46
441858,445739,2,19/07/2019,6,2,4,1,9,1,3,2,45
432293,436085,1,20/07/2019,6,1,1,1,97,1,2,1,48
432911,433351,2,20/07/2019,6,1,1,1,4,1,3,1,53
427218,429828,2,20/07/2019,6,1,1,1,1,1,3,1,8
434111,429948,2,21/07/2019,1,1,1,1,9,2,3,1,14
434111,429948,2,21/07/2019,1,1,1,1,9,1,3,2,52
430484,437131,1,21/07/2019,6,1,1,1,9,1,3,2,51
432041,428516,2,22/07/2019,1,1,1,1,9,1,3,1,19
432041,428516,2,22/07/2019,1,1,1,1,9,1,3,1,27
432041,428516,2,22/07/2019,1,1,1,1,9,2,3,2,59
432041,428516,2,22/07/2019,1,1,1,1,9,2,3,1,6
427834,435807,2,23/07/2019,6,1,1,1,9,1,3,1,32
427955,433625,2,18/07/2019,3,1,1,1,1,1,3,2,25
445481,436216,1,23/07/2019,6,1,1,1,5,1,2,1,20
430330,433394,2,23/07/2019,6,1,1,1,9,1,3,2,27
430438,431159,2,24/07/2019,6,2,1,2,9,1,3,1,30
430438,431159,2,24/07/2019,6,2,1,2,9,1,3,1,67
430438,431159,2,24/07/2019,6,2,1,2,9,2,3,2,67
421168,444945,2,24/07/2019,3,2,1,1,9,1,3,2,20
421168,444945,2,24/07/2019,3,2,1,1,9,1,2,2,32
421168,444945,2,24/07/2019,3,2,1,1,9,2,3,1,32
422448,436372,2,24/07/2019,6,1,1,1,9,1,3,2,18
433614,434246,2,22/07/2019,6,1,4,1,1,1,3,1,19
432646,435861,2,24/07/2019,6,1,1,1,9,1,3,2,35
427400,431364,2,24/07/2019,6,1,1,1,9,1,3,2,33
423698,437016,2,24/07/2019,6,1,1,1,1,1,2,1,16
425573,435382,1,25/07/2019,6,1,1,1,11,2,3,2,77
432150,436131,2,19/07/2019,6,1,1,1,9,1,3,2,41
432150,436131,2,19/07/2019,6,1,1,1,9,2,3,2,13
425658,433913,2,25/07/2019,6,1,1,1,3,1,2,1,19
430322,433278,2,25/07/2019,6,1,1,1,1,1,3,1,41
433310,426326,2,26/07/2019,6,1,1,1,1,1,2,2,45
439385,432434,2,26/07/2019,3,1,1,1,9,1,3,1,60
431508,429644,3,26/07/2019,6,1,1,1,9,1,2,1,34
432020,435735,1,27/07/2019,4,2,1,1,8,3,3,2,12
432020,435735,1,27/07/2019,4,2,1,1,8,2,3,2,30
432020,435735,1,27/07/2019,4,2,1,1,8,2,3,2,7
431935,430604,1,27/07/2019,3,2,1,2,9,1,3,2,20
428014,426151,1,27/07/2019,3,2,1,2,9,1,3,1,21
424699,444386,1,27/07/2019,3,2,4,1,9,1,3,1,24
424699,444386,1,27/07/2019,3,2,4,1,9,2,3,2,22
424699,444386,1,27/07/2019,3,2,4,1,9,2,3,1,21
431266,434826,2,28/07/2019,6,1,1,1,9,1,3,1,30
420844,439799,2,28/07/2019,6,1,1,1,9,1,3,1,56
429179,433842,2,29/07/2019,6,2,4,2,9,1,3,1,34
430421,433813,1,26/07/2019,6,1,1,1,11,2,3,2,51
424468,437097,2,23/07/2019,3,1,1,1,9,1,3,2,42
430000,434162,2,21/07/2019,3,1,1,1,1,1,2,2,68
429609,435399,2,29/07/2019,6,1,1,1,1,1,3,1,29
423823,431578,2,03/07/2019,6,1,1,1,3,1,2,1,27
431969,435830,1,31/07/2019,3,2,1,1,9,3,3,1,8
432265,442314,2,30/07/2019,3,2,1,2,9,1,2,2,64
432265,442314,2,30/07/2019,3,2,1,2,9,1,3,2,45
432482,434458,1,31/07/2019,6,1,1,1,9,3,3,1,4
428337,434086,1,31/07/2019,3,1,1,1,11,3,3,1,30
419823,432193,2,31/07/2019,6,1,1,1,5,1,2,1,27
419823,432193,2,31/07/2019,6,1,1,1,5,2,2,1,13
429716,433371,1,31/07/2019,6,1,1,1,11,3,3,2,40
431206,431863,2,31/07/2019,3,2,1,1,4,1,2,1,25
420890,433364,1,01/08/2019,6,1,1,1,11,2,3,1,28
422409,436968,2,01/08/2019,3,1,1,1,9,1,3,1,57
435463,425915,4,01/08/2019,1,1,1,1,9,1,3,2,55
435463,425915,4,01/08/2019,1,1,1,1,9,1,3,2,21
435463,425915,4,01/08/2019,1,1,1,1,9,1,3,1,58
425877,426271,2,04/07/2019,1,1,1,1,9,1,3,2,63
430404,433693,1,02/08/2019,6,1,1,1,11,3,3,2,27
427419,434985,2,01/08/2019,6,1,1,1,9,1,3,2,27
427419,434985,2,01/08/2019,6,1,1,1,9,1,3,1,52
426524,433718,2,29/08/2019,6,1,1,1,3,1,3,1,17
429774,430607,4,04/08/2019,3,1,4,1,9,1,3,2,36
429774,430607,4,04/08/2019,3,1,4,1,9,1,3,2,26
435089,435686,3,04/08/2019,6,1,1,1,2,1,3,1,22
433273,437414,2,06/08/2019,6,1,1,1,9,1,2,1,35
430534,432704,2,05/08/2019,3,1,1,1,1,1,2,1,33
435642,434464,2,05/08/2019,6,1,1,1,3,1,2,1,16
435642,434464,2,05/08/2019,6,1,1,1,3,2,3,1,17
427568,436873,2,05/08/2019,3,1,1,1,1,1,3,2,29
421358,445776,1,05/08/2019,3,1,5,1,9,1,3,1,21
429284,433491,1,06/08/2019,6,1,1,1,9,3,3,1,37
419364,446516,2,06/08/2019,6,1,1,1,1,1,3,1,12
443648,437139,1,07/08/2019,2,1,1,1,9,1,2,2,61
427653,436656,2,25/07/2019,3,1,1,1,1,1,3,1,28
431776,426356,2,08/08/2019,1,1,1,1,9,1,3,2,19
431776,426356,2,08/08/2019,1,1,1,1,9,1,3,1,20
426397,433971,1,08/08/2019,3,1,1,1,9,3,3,1,39
426387,435618,2,08/08/2019,6,1,1,1,5,1,2,1,61
425904,436250,1,09/08/2019,3,2,1,2,3,1,2,1,41
432046,439740,2,09/08/2019,6,2,1,2,9,1,3,1,60
440504,447298,1,09/08/2019,2,1,1,1,9,1,3,2,25
440504,447298,1,09/08/2019,2,1,1,1,9,2,3,1,26
430930,436028,1,10/08/2019,6,2,1,2,9,3,3,2,47
424123,444024,2,10/08/2019,6,1,1,1,19,1,3,1,21
428472,433317,3,10/08/2019,3,1,1,1,9,1,3,1,64
436138,435220,3,10/08/2019,3,1,4,1,9,2,2,2,17
427212,437303,2,11/08/2019,3,1,1,1,9,1,3,2,24
428980,429767,1,11/08/2019,6,1,1,1,9,3,3,1,41
429412,431639,3,11/08/2019,6,1,1,1,9,2,3,1,17
425936,435568,2,11/08/2019,6,1,1,1,9,1,3,1,39
430490,435970,2,12/08/2019,6,1,1,1,1,1,2,1,52
431343,434943,2,12/08/2019,6,1,1,1,3,1,3,1,36
428419,432512,2,12/08/2019,6,2,1,1,3,1,2,1,49
422451,428363,3,12/08/2019,6,2,4,1,9,1,2,2,50
430675,432499,2,13/08/2019,6,1,1,1,9,1,3,1,67
430675,432499,2,13/08/2019,6,1,1,1,9,2,3,2,74
430675,432499,2,13/08/2019,6,1,1,1,9,2,3,1,63
432189,432810,1,13/08/2019,6,1,1,1,3,1,2,1,51
431424,435629,4,13/08/2019,6,1,1,1,9,1,3,1,21
431206,437668,2,14/08/2019,6,2,1,1,11,2,3,2,68
430234,433401,1,15/08/2019,6,1,1,1,19,1,3,1,35
430234,433401,1,15/08/2019,6,1,1,1,19,2,3,1,35
430234,433401,1,15/08/2019,6,1,1,1,19,2,3,1,29
434620,441231,2,15/08/2019,6,1,1,4,9,1,3,1,70
426988,426455,3,15/08/2019,6,1,1,1,9,1,3,2,31
426988,426455,3,15/08/2019,6,1,1,1,9,2,3,2,4
429383,433470,1,15/08/2019,6,1,1,1,9,3,2,2,39
425548,437562,2,15/08/2019,6,1,1,1,9,1,3,2,26
430773,433449,1,18/08/2019,3,2,1,2,11,3,3,1,51
440192,426166,3,16/08/2019,3,2,1,2,9,1,2,2,35
430880,433361,2,16/08/2019,3,2,1,2,8,1,3,1,40
431137,434297,2,16/08/2019,6,2,4,1,9,1,3,1,26
432661,438017,2,17/08/2019,6,1,4,1,9,2,3,1,28
422947,443102,2,17/08/2019,6,2,1,1,9,1,3,2,24
422377,441728,2,18/08/2019,6,1,1,1,9,1,3,1,43
422377,441728,2,18/08/2019,6,1,1,1,9,2,3,2,39
422377,441728,2,18/08/2019,6,1,1,1,9,2,3,1,10
422377,441728,2,18/08/2019,6,1,1,1,9,2,3,2,7
431396,429436,2,16/08/2019,6,2,7,1,9,1,3,1,30
429316,440221,2,18/08/2019,6,1,1,1,1,1,3,1,38
420021,444947,1,18/08/2019,6,1,1,1,9,3,3,2,25
442220,434606,1,19/08/2019,4,1,1,1,9,2,2,2,22
442220,434606,1,19/08/2019,4,1,1,1,9,2,3,2,22
435850,433766,2,19/08/2019,6,1,1,1,9,1,2,1,89
431028,434897,2,07/07/2019,6,1,1,1,1,1,3,1,37
424446,433731,1,19/08/2019,6,1,1,1,9,1,3,1,28
424446,433731,1,19/08/2019,6,1,1,1,9,2,3,2,20
430064,433785,2,19/08/2019,6,1,1,1,1,1,3,1,26
440139,426162,3,20/08/2019,3,1,1,1,9,1,3,2,44
434620,441231,2,20/08/2019,6,1,1,1,9,1,2,1,25
434620,441231,2,20/08/2019,6,1,1,1,9,2,3,1,20
434620,441231,2,20/08/2019,6,1,1,1,9,1,3,1,51
425897,426615,2,21/08/2019,6,1,1,1,9,1,3,1,83
425897,426615,2,21/08/2019,6,1,1,1,9,2,3,1,11
443633,436749,2,21/08/2019,2,1,1,1,9,1,3,1,45
443633,436749,2,21/08/2019,2,1,1,1,9,2,3,2,59
440441,446650,3,21/08/2019,2,1,1,1,19,1,3,1,29
440441,446650,3,21/08/2019,2,1,1,1,19,2,3,1,32
440441,446650,3,21/08/2019,2,1,1,1,19,2,3,1,24
420447,434296,2,21/08/2019,3,1,1,1,9,2,3,2,15
425778,434409,1,21/08/2019,6,1,1,1,2,3,3,1,14
425778,434409,1,21/08/2019,6,1,1,1,2,3,3,2,32
428078,431596,1,21/08/2019,6,1,1,1,19,3,3,1,23
430068,433810,2,21/08/2019,6,1,1,1,1,1,3,1,24
429542,435408,1,22/08/2019,6,1,1,1,19,3,2,1,26
442047,443581,2,22/08/2019,2,1,1,1,9,2,3,2,5
442047,443581,2,22/08/2019,2,1,1,1,9,2,3,1,34
441648,433793,2,22/08/2019,3,1,1,1,9,1,3,2,29
439288,432421,1,22/08/2019,3,1,1,1,4,1,2,1,54
436168,434462,1,21/08/2019,3,1,1,1,9,3,3,1,54
435901,425848,2,23/08/2019,1,1,1,1,9,2,3,2,52
429680,425690,3,23/08/2019,6,1,1,1,9,1,2,2,69
429680,425690,3,23/08/2019,6,1,1,1,9,1,3,2,18
441740,434639,3,23/08/2019,1,1,1,1,9,1,3,1,39
432247,426312,2,23/08/2019,4,1,1,1,9,1,3,2,58
425356,440808,3,23/08/2019,6,1,1,1,9,1,3,2,44
425356,440808,3,23/08/2019,6,1,1,1,9,1,3,2,53
432572,426025,2,23/08/2019,1,1,1,1,9,2,3,2,27
432134,431059,2,23/08/2019,4,1,1,1,90,1,2,1,22
432134,431059,2,23/08/2019,4,1,1,1,9,1,3,2,32
426786,428248,2,23/08/2019,6,1,4,1,9,1,3,2,45
442043,437540,2,24/08/2019,6,1,6,1,9,1,3,1,36
430240,433914,1,24/08/2019,6,1,1,1,8,3,3,1,2
428862,431916,1,24/08/2019,6,1,1,1,9,3,3,1,2
440631,446075,2,24/08/2019,2,1,7,1,8,2,3,2,21
440631,446075,2,24/08/2019,2,1,7,1,8,2,3,1,23
426044,432256,2,25/08/2019,6,1,4,1,9,1,2,1,25
434620,441231,2,25/08/2019,6,1,1,1,9,1,2,2,20
434620,441231,2,25/08/2019,6,1,1,1,9,2,3,1,21
434620,441231,2,25/08/2019,6,1,1,1,9,2,2,2,20
434620,441231,2,25/08/2019,6,1,1,1,9,1,3,2,53
435555,434799,2,26/08/2019,6,1,1,1,5,1,2,1,47
430902,424549,2,25/08/2019,1,1,1,1,9,1,2,1,79
430902,424549,2,25/08/2019,1,1,1,1,9,2,2,2,80
432572,428113,2,25/08/2019,3,1,1,1,9,2,3,2,65
429578,433795,2,25/08/2019,6,1,4,1,1,1,2,1,36
429850,433431,1,25/08/2019,6,1,4,1,9,3,3,1,47
436746,437346,2,26/08/2019,3,1,1,1,9,1,3,2,19
428527,429635,2,26/08/2019,6,1,1,1,9,2,3,2,83
431016,434496,2,26/08/2019,6,1,1,1,1,1,2,1,47
443618,435478,2,26/08/2019,1,1,1,1,9,1,3,2,45
430872,434221,1,27/08/2019,3,1,4,1,9,3,3,1,21
426797,430018,5,27/08/2019,1,1,1,1,9,1,3,1,32
426797,430018,5,27/08/2019,1,1,1,1,9,2,3,2,27
422837,434080,1,31/08/2019,3,1,1,1,9,2,3,1,20
427582,434576,2,27/08/2019,6,1,1,1,9,1,3,1,32
429091,428699,2,28/08/2019,6,2,4,1,19,1,3,1,29
429091,428699,2,28/08/2019,6,2,4,1,19,2,3,2,40
429091,428699,2,28/08/2019,6,2,4,1,19,1,3,1,35
429091,428699,2,28/08/2019,6,2,4,1,19,2,3,1,28
440404,447686,2,28/08/2019,3,1,1,1,1,1,2,1,46
429515,430284,2,20/08/2019,3,1,1,1,1,1,2,1,33
433180,434010,2,28/08/2019,3,1,1,1,9,2,3,1,7
430388,433387,1,28/08/2019,6,2,1,1,11,2,3,2,44
431625,430528,2,29/08/2019,1,1,1,1,9,1,3,2,44
425913,432231,2,29/08/2019,3,1,1,1,9,1,3,1,40
425913,432231,2,29/08/2019,3,1,1,1,9,2,3,1,27
436266,434708,1,29/08/2019,6,1,1,1,9,3,3,2,86
434621,438144,2,29/08/2019,3,1,1,1,9,1,3,2,34
427733,433707,2,29/08/2019,3,1,1,1,1,1,3,1,38
428780,433767,2,29/08/2019,3,1,1,1,1,1,3,1,27
434804,428897,2,30/08/2019,6,1,4,1,3,1,2,1,20
433605,425845,3,30/08/2019,1,1,1,1,9,1,3,1,34
433605,425845,3,30/08/2019,1,1,1,1,9,1,3,1,42
433605,425845,3,30/08/2019,1,1,1,1,9,1,3,2,24
425080,428026,1,31/08/2019,1,1,4,1,3,1,1,1,25
443079,445634,1,31/08/2019,6,1,1,1,9,3,3,2,72
443667,437187,3,01/09/2019,2,1,1,1,9,1,3,2,24
420645,441239,2,02/09/2019,6,1,1,1,9,1,3,2,62
420645,441239,2,02/09/2019,6,1,1,1,9,2,3,2,32
431528,440087,1,02/09/2019,6,1,1,1,9,2,3,2,3
427945,436115,2,02/09/2019,3,1,1,1,1,1,3,1,24
424283,434980,1,02/09/2019,6,1,5,1,9,3,3,1,57
434475,430699,2,03/09/2019,1,1,1,1,9,1,3,2,24
434475,430699,2,03/09/2019,1,1,1,1,9,2,3,2,59
430032,427592,1,04/09/2019,6,1,1,1,9,3,3,2,3
422043,434384,2,04/09/2019,6,1,1,1,9,1,3,2,29
422043,434384,2,04/09/2019,6,1,1,1,9,2,3,2,24
431239,434801,2,04/09/2019,6,2,4,1,4,1,2,1,30
427235,435201,2,05/09/2019,6,1,1,1,1,1,2,2,52
442469,442537,4,05/09/2019,2,1,1,1,9,1,3,1,52
442469,442537,4,05/09/2019,2,1,1,1,9,1,3,1,46
432009,433875,2,05/09/2019,6,1,1,1,9,1,3,2,42
432009,433875,2,05/09/2019,6,1,1,1,9,2,3,1,7
428654,430793,3,05/09/2019,6,1,4,1,9,1,3,1,40
428654,430793,3,05/09/2019,6,1,4,1,9,1,3,2,35
430338,433904,1,06/09/2019,6,1,4,1,9,3,3,2,19
428189,432808,2,07/09/2019,4,1,1,1,9,1,3,1,34
436364,434604,1,07/09/2019,6,1,1,1,11,3,3,1,95
431021,430558,3,07/09/2019,1,1,1,1,9,1,3,2,30
431021,430558,3,07/09/2019,1,1,1,1,9,1,3,1,25
431021,430558,3,07/09/2019,1,1,1,1,9,2,3,1,20
431021,430558,3,07/09/2019,1,1,1,1,9,2,3,1,15
427273,432561,1,07/09/2019,6,1,4,1,9,3,2,1,39
432338,434973,1,07/09/2019,6,1,7,1,9,3,3,1,40
424979,427534,3,09/09/2019,3,1,1,1,9,1,3,1,31
432161,433604,2,08/09/2019,3,1,1,1,1,1,3,1,12
432161,433604,2,08/09/2019,3,1,1,1,9,1,3,1,44
429047,434518,2,08/09/2019,6,1,4,1,9,3,2,1,48
426777,431760,1,09/09/2019,3,2,1,2,9,3,3,1,11
429962,430875,2,10/09/2019,3,2,4,1,9,2,2,1,24
429962,430875,2,10/09/2019,3,2,4,1,9,1,3,1,19
423348,438153,2,10/09/2019,3,1,1,1,19,1,3,1,35
425552,436387,2,10/09/2019,3,1,1,1,1,1,3,1,32
429960,428086,2,10/09/2019,6,1,1,1,5,1,2,1,20
429960,428086,2,10/09/2019,6,1,1,1,5,2,2,1,19
429960,428086,2,10/09/2019,6,1,1,1,9,1,3,2,31
429744,436495,2,10/09/2019,6,1,1,1,19,1,3,1,40
427201,433656,2,10/09/2019,3,1,1,1,3,1,3,1,19
427431,432849,2,10/09/2019,6,1,1,1,9,1,3,2,32
428804,433315,3,10/09/2019,2,1,1,1,9,1,2,2,28
431402,435029,2,11/09/2019,3,2,1,1,1,1,3,1,20
441099,432504,2,11/09/2019,6,1,1,1,1,1,3,1,12
431004,430633,2,11/09/2019,6,1,1,1,11,2,3,2,3
427192,433522,2,11/09/2019,6,1,1,1,9,1,3,2,62
427192,433522,2,11/09/2019,6,1,1,1,9,2,3,1,27
427529,432600,2,11/09/2019,6,1,4,1,1,1,3,1,21
421777,435335,2,11/09/2019,6,1,1,1,1,1,3,1,29
430700,424440,2,12/09/2019,3,1,1,1,9,1,3,1,55
425987,434136,3,12/09/2019,3,1,1,1,9,1,3,2,27
425987,434136,3,12/09/2019,3,1,1,1,9,1,3,1,24
429704,431078,2,12/09/2019,6,1,1,1,9,1,3,1,34
427688,436155,1,12/09/2019,6,1,4,1,9,3,2,1,20
435301,434819,2,13/09/2019,3,1,1,1,9,1,3,2,47
435301,434819,2,13/09/2019,3,1,1,1,9,1,3,1,40
424300,435338,2,13/09/2019,3,1,1,1,3,1,2,1,30
429369,433755,3,13/09/2019,2,1,1,1,9,1,3,2,54
429369,433755,3,13/09/2019,2,1,1,1,9,1,3,2,29
429742,430780,2,13/09/2019,6,1,4,1,9,1,2,2,24
429742,430780,2,13/09/2019,6,1,4,1,9,2,3,1,69
429742,430780,2,13/09/2019,6,1,4,1,9,1,3,1,23
433299,434047,1,13/09/2019,3,1,1,1,11,2,3,2,50
429918,433887,2,11/09/2019,6,1,1,1,1,1,3,1,37
443561,438096,3,15/09/2019,2,1,1,1,9,1,3,2,70
443561,438096,3,15/09/2019,2,1,1,1,9,2,3,2,22
421528,433982,2,14/09/2019,3,1,4,1,9,1,3,1,31
421528,433982,2,14/09/2019,3,1,4,1,9,2,3,2,7
420330,445551,2,15/09/2019,3,1,1,1,1,1,2,2,56
433362,425594,1,15/09/2019,3,1,1,1,3,1,2,1,16
437663,444945,1,15/09/2019,3,2,6,1,9,1,2,2,40
430072,433369,1,16/09/2019,6,2,4,2,9,3,3,1,30
428555,433367,2,16/09/2019,6,1,1,1,1,1,3,2,32
424307,443947,1,16/09/2019,3,1,1,1,9,1,2,2,68
428102,426660,2,16/09/2019,3,1,1,1,9,2,3,2,21
432178,438852,2,16/09/2019,6,1,1,1,3,1,3,1,39
425109,435552,1,16/09/2019,6,1,1,1,9,3,3,1,11
428596,427781,2,16/09/2019,3,1,4,1,9,2,3,1,22
430877,434255,2,17/09/2019,3,1,1,1,1,1,2,1,27
430942,435678,2,17/09/2019,6,1,1,1,1,1,3,1,25
426860,437747,2,17/09/2019,3,1,1,1,9,1,3,2,44
424126,444006,2,17/09/2019,3,1,1,1,9,1,3,1,35
424126,444006,2,17/09/2019,3,1,1,1,9,2,3,1,33
431970,435823,2,18/09/2019,3,1,1,1,3,1,2,1,21
430436,434915,2,17/09/2019,6,1,1,1,1,1,3,1,40
418937,441940,2,18/09/2019,6,1,1,1,9,1,3,2,38
430533,434502,2,18/09/2019,3,1,1,1,5,1,3,1,21
432341,426349,2,18/09/2019,1,1,1,1,9,1,3,1,31
428706,432806,2,18/09/2019,6,1,4,1,1,1,2,1,33
428390,434070,2,19/09/2019,6,1,1,1,1,1,3,1,19
431495,436228,2,17/09/2019,4,1,1,1,8,1,3,1,40
432772,436856,1,19/09/2019,6,1,1,1,3,3,2,2,86
430490,435976,2,19/09/2019,6,1,1,1,9,1,3,1,34
430490,435976,2,19/09/2019,6,1,1,1,9,1,3,1,51
426326,428159,1,19/09/2019,4,1,1,1,8,3,3,1,30
418767,446467,2,19/09/2019,6,1,1,1,11,2,3,2,50
427279,433073,2,19/09/2019,4,1,4,1,1,1,3,1,16
430954,435884,1,20/09/2019,6,1,1,1,9,3,2,2,33
430798,435342,2,20/09/2019,6,1,1,1,9,1,3,1,40
430798,435342,2,20/09/2019,6,1,1,1,9,1,3,1,35
426015,428237,1,20/09/2019,6,1,1,1,9,3,3,2,35
440556,447694,2,20/09/2019,3,1,1,1,1,1,2,1,71
429240,433846,2,20/09/2019,6,1,1,1,11,2,3,2,27
426523,427467,1,13/09/2019,6,1,7,1,9,3,3,2,32
432080,438851,2,20/09/2019,6,1,1,1,1,1,3,1,45
432996,436046,1,20/09/2019,3,1,1,1,11,2,3,2,35
430230,424102,2,20/09/2019,1,1,6,1,9,1,3,1,46
424384,434459,2,21/09/2019,6,1,1,1,1,1,3,1,32
431558,432768,2,21/09/2019,6,1,1,1,9,1,3,2,35
425957,438578,3,21/09/2019,6,1,1,1,97,2,2,1,24
436469,434064,3,21/09/2019,3,1,1,1,8,1,3,1,41
436469,434064,3,21/09/2019,3,1,1,1,8,2,3,1,40
431526,434298,2,21/09/2019,6,1,1,1,3,1,2,1,26
436937,435820,2,21/09/2019,6,1,1,1,1,1,2,1,8
435903,436428,2,21/09/2019,3,1,1,1,9,1,3,1,64
437036,441712,2,21/09/2019,6,1,1,1,9,1,3,2,76
429566,433907,2,21/09/2019,3,1,1,1,9,1,3,1,22
428140,432795,1,21/09/2019,4,1,4,1,9,3,3,2,82
428097,434515,2,22/09/2019,6,1,1,1,9,1,3,1,48
420549,444952,2,22/09/2019,6,1,1,1,1,1,2,2,45
429189,431915,2,23/09/2019,6,1,4,1,9,1,3,1,31
429457,433776,2,23/09/2019,3,1,1,1,9,1,3,1,58
432183,426112,2,23/09/2019,1,1,1,1,19,1,2,1,50
424003,434399,2,23/09/2019,6,2,1,1,1,1,2,1,29
431223,427890,2,23/09/2019,6,2,1,1,9,1,3,1,18
431292,435032,2,23/09/2019,3,1,1,1,1,1,2,1,51
431822,436440,2,24/09/2019,6,2,1,1,1,1,3,1,40
441202,448876,6,24/09/2019,2,5,1,2,9,1,3,2,24
441202,448876,6,24/09/2019,2,5,1,2,21,2,3,2,24
428156,435824,1,24/09/2019,3,2,1,2,9,3,3,2,19
428782,433795,2,24/09/2019,3,1,1,1,1,1,3,2,32
442230,434700,5,24/09/2019,4,2,1,2,9,1,3,1,23
442230,434700,5,24/09/2019,4,2,1,2,9,1,3,2,40
426460,427821,2,30/09/2019,6,2,4,2,9,1,2,1,20
421087,434488,1,25/09/2019,4,1,1,1,9,3,3,1,12
442686,445802,1,25/09/2019,6,2,1,1,9,3,3,1,11
443385,438775,2,25/09/2019,2,1,1,1,20,1,3,1,59
431288,432100,2,24/09/2019,6,1,1,1,1,1,2,1,44
437069,437611,2,25/09/2019,3,1,1,1,19,1,3,1,28
439007,446687,3,23/08/2019,6,1,1,1,1,1,2,1,74
424639,433563,2,26/09/2019,2,1,1,1,9,1,2,1,77
419952,445398,1,28/09/2019,3,2,1,2,2,1,3,1,16
430266,431232,1,27/09/2019,6,2,1,2,8,3,2,1,34
428762,432740,2,27/09/2019,6,2,1,2,1,1,3,1,41
434955,436362,2,27/09/2019,6,2,4,2,9,2,2,1,30
431402,435029,2,27/09/2019,3,1,4,1,1,1,3,1,24
429089,431247,2,28/09/2019,6,1,1,1,9,1,3,2,50
431351,435060,2,28/09/2019,6,2,1,1,9,1,3,2,46
424900,433480,2,29/09/2019,6,1,1,1,9,1,3,2,35
430846,434032,2,29/09/2019,6,2,1,2,9,1,3,1,27
430846,434032,2,29/09/2019,6,2,1,2,9,1,3,1,65
430846,434032,2,29/09/2019,6,2,1,2,9,2,3,1,35
430846,434032,2,29/09/2019,6,2,1,2,9,2,2,2,36
430846,434032,2,29/09/2019,6,2,1,2,9,2,2,2,33
430846,434032,2,29/09/2019,6,2,1,2,9,2,3,1,1
430846,434032,2,29/09/2019,6,2,1,2,9,3,3,2,10
430846,434032,2,29/09/2019,6,2,1,2,9,3,3,1,45
430846,434032,2,29/09/2019,6,2,1,2,9,3,3,1,4
430846,434032,2,29/09/2019,6,2,1,2,9,3,3,1,5
430846,434032,2,29/09/2019,6,2,1,2,9,3,3,2,33
430846,434032,2,29/09/2019,6,2,1,2,9,3,3,1,1
430846,434032,2,29/09/2019,6,2,1,2,9,3,3,2,49
422529,433996,2,29/09/2019,3,2,1,2,9,1,3,1,49
431142,434408,4,29/09/2019,6,1,1,1,9,1,3,1,28
430820,433464,1,30/09/2019,6,1,1,1,11,3,2,1,41
427360,433748,2,30/09/2019,6,2,1,1,1,1,3,1,45
430058,433628,1,30/09/2019,6,1,1,1,19,3,3,2,31
422613,433533,2,30/09/2019,6,1,1,1,1,1,2,1,34
426822,434977,2,01/10/2019,3,2,1,2,1,1,2,2,53
429443,437313,1,01/10/2019,6,2,1,2,9,3,3,1,9
420554,437108,2,01/10/2019,3,2,1,2,1,1,3,1,57
428794,434539,2,01/10/2019,6,2,1,2,1,1,3,1,17
429006,436841,1,02/10/2019,6,1,1,1,9,3,3,2,17
428996,425547,2,02/10/2019,6,1,1,1,9,1,3,2,36
428996,425547,2,02/10/2019,6,1,1,1,9,2,3,1,43
428063,435017,2,02/10/2019,6,1,1,1,1,1,3,2,33
431125,432963,1,02/10/2019,3,1,1,1,9,3,3,2,31
428447,432565,1,02/10/2019,3,1,1,1,9,1,3,1,30
428548,434265,1,02/10/2019,6,1,1,1,11,3,2,1,18
429313,430252,2,02/10/2019,6,1,4,1,1,1,3,1,55
431303,429064,2,03/10/2019,6,2,1,1,1,1,3,1,49
429296,433813,1,06/10/2019,6,1,1,1,9,2,3,2,27
430734,435008,2,03/10/2019,6,1,1,1,1,1,3,1,44
430119,430940,2,03/10/2019,6,2,1,2,9,1,3,2,43
430119,430940,2,03/10/2019,6,2,1,2,9,1,3,1,20
428833,434635,2,03/10/2019,6,2,4,2,9,1,3,1,42
428833,434635,2,03/10/2019,6,2,4,2,9,2,3,1,20
428833,434635,2,03/10/2019,6,2,4,2,9,2,3,1,19
426406,429530,3,04/10/2019,1,2,1,5,19,1,3,1,43
426406,429530,3,04/10/2019,1,2,1,5,9,1,3,1,43
426406,429530,3,04/10/2019,1,2,1,5,9,2,3,1,34
433118,425897,2,04/10/2019,1,1,1,1,9,1,3,1,60
433118,425897,2,04/10/2019,1,1,1,1,9,2,3,2,56
429459,435106,3,04/10/2019,6,1,1,1,9,2,3,2,20
429536,439290,2,04/10/2019,6,1,1,1,9,1,3,2,38
432495,436606,2,04/10/2019,6,1,4,1,9,1,2,1,35
441032,430625,2,04/10/2019,6,1,4,1,9,1,2,1,18
441032,430625,2,04/10/2019,6,1,4,1,9,2,3,2,17
441032,430625,2,04/10/2019,6,1,4,1,9,2,3,2,16
441032,430625,2,04/10/2019,6,1,4,1,9,2,3,1,18
441032,430625,2,04/10/2019,6,1,4,1,9,2,3,1,15
427190,435251,2,25/09/2019,6,1,1,1,9,2,3,1,9
428793,435579,2,01/10/2019,6,2,4,1,1,1,3,2,22
428982,429877,1,05/10/2019,3,1,1,1,11,2,3,2,30
421887,446013,1,06/10/2019,3,5,6,2,19,1,2,1,47
431308,435039,2,06/10/2019,3,2,4,1,8,1,3,1,39
431308,435039,2,06/10/2019,3,2,4,1,9,2,3,2,25
420174,445555,1,07/10/2019,6,1,7,1,8,3,3,1,49
430960,435867,2,07/10/2019,6,2,1,2,9,1,3,2,58
422957,435134,1,07/10/2019,6,1,1,1,9,3,3,2,12
424468,437099,2,08/10/2019,3,1,1,1,1,1,3,2,44
427895,433646,2,08/10/2019,3,1,1,1,1,1,2,1,29
426733,438362,1,08/10/2019,6,1,1,1,9,1,3,1,27
426733,438362,1,08/10/2019,6,1,1,1,9,2,3,1,24
426991,433439,1,08/10/2019,6,2,1,2,9,3,3,1,70
429128,425932,2,08/10/2019,3,2,4,2,19,1,3,1,64
429128,425932,2,08/10/2019,3,2,4,2,9,1,3,1,53
427664,434493,2,08/10/2019,3,1,1,1,1,1,3,1,32
424152,435961,2,09/10/2019,4,2,1,1,1,1,3,1,37
423590,432652,2,09/10/2019,6,2,1,2,9,2,3,1,1
426219,429388,2,09/10/2019,1,2,4,5,9,1,3,2,25
426219,429388,2,09/10/2019,1,2,4,5,9,1,3,1,25
414747,442825,2,10/10/2019,6,2,1,1,19,1,2,1,55
424375,439036,1,10/10/2019,6,1,1,1,9,3,3,1,27
428026,436011,2,10/10/2019,3,1,1,1,1,1,3,1,33
427199,430650,2,10/10/2019,1,1,1,1,19,1,3,1,33
422474,427900,2,11/10/2019,3,1,1,1,9,2,3,1,5
442203,443157,4,11/10/2019,2,1,1,1,9,2,3,2,51
437652,433318,2,11/10/2019,6,2,1,2,9,1,3,2,25
441417,444988,3,11/10/2019,2,1,1,1,9,1,3,1,28
424239,432739,2,11/10/2019,4,2,1,1,2,1,3,2,16
428251,431572,3,11/10/2019,1,1,1,1,9,1,3,1,38
435967,426849,2,12/10/2019,3,1,1,1,9,1,3,1,30
435967,426849,2,12/10/2019,3,1,1,1,9,2,3,2,8
427799,434431,2,12/10/2019,3,1,1,1,9,1,3,1,45
427799,434431,2,12/10/2019,3,1,1,1,9,1,3,1,29
427393,431195,2,12/10/2019,3,1,1,1,5,1,3,1,53
430072,433369,2,12/10/2019,6,2,4,1,1,1,3,1,49
430318,438861,2,13/10/2019,6,2,1,2,9,1,3,1,81
430318,438861,2,13/10/2019,6,2,1,2,9,2,3,2,78
427393,431195,2,13/10/2019,3,2,1,1,9,1,3,1,28
430380,425081,2,13/10/2019,3,2,4,1,9,1,2,1,70
430380,425081,2,13/10/2019,3,2,4,1,9,2,3,1,18
424744,433580,1,14/10/2019,6,2,4,1,19,3,3,2,16
432149,429752,3,14/10/2019,1,1,1,1,9,2,3,1,25
431433,432707,2,06/10/2019,3,1,7,1,9,1,3,1,69
431433,432707,2,06/10/2019,3,1,7,1,9,1,2,2,61
431453,435824,2,15/10/2019,6,1,4,1,9,1,3,1,27
429047,434518,2,15/10/2019,6,2,1,1,1,1,2,2,18
431152,432317,1,16/10/2019,6,2,1,2,9,3,3,1,21
426810,431697,2,16/10/2019,3,2,1,2,2,1,3,1,17
427068,434826,2,16/10/2019,3,2,1,2,3,1,2,1,28
427068,434826,2,16/10/2019,3,2,1,2,9,1,3,1,71
428408,430814,1,16/10/2019,6,1,1,1,9,3,3,1,6
432062,436087,2,16/10/2019,6,1,4,1,9,2,3,1,36
429186,431921,2,16/10/2019,6,1,4,1,9,1,3,1,45
427449,430904,3,17/10/2019,1,1,1,1,9,1,3,2,30
427449,430904,3,17/10/2019,1,1,1,1,9,1,3,2,39
440434,446536,1,17/10/2019,2,1,1,1,9,1,3,2,26
420549,444954,3,17/10/2019,6,2,1,1,9,1,3,2,58
425949,435450,1,17/10/2019,6,1,1,1,20,3,3,2,32
443606,435854,2,17/10/2019,1,1,1,1,19,1,3,1,40
430021,435536,2,17/10/2019,6,1,1,1,3,1,3,1,21
423960,428215,2,17/10/2019,3,1,1,1,5,1,3,1,51
436128,434842,2,17/10/2019,3,1,1,1,1,1,2,1,55
424404,439034,1,17/10/2019,6,1,1,1,9,3,3,1,9
427568,436873,2,16/10/2019,3,1,1,1,1,1,2,1,20
431783,435035,1,17/10/2019,6,1,4,1,9,3,3,1,26
431783,435035,1,17/10/2019,6,1,4,1,9,3,3,1,15
427747,430064,1,17/10/2019,6,1,5,1,9,3,3,2,50
424454,437775,2,18/10/2019,3,2,1,2,9,1,3,1,37
430687,439540,2,18/10/2019,6,1,1,1,9,2,3,1,11
426949,433346,2,18/10/2019,6,1,1,1,3,1,2,1,16
422488,427896,3,18/10/2019,3,2,4,2,9,1,3,1,55
422488,427896,3,18/10/2019,3,2,4,2,9,2,2,2,48
423062,428555,2,18/10/2019,4,2,4,1,9,2,3,2,31
416055,443133,1,19/10/2019,6,2,6,2,9,1,3,1,19
416055,443133,1,19/10/2019,6,2,6,2,9,2,3,1,19
430777,433452,2,19/10/2019,6,2,1,1,1,1,3,1,23
431370,434985,2,19/10/2019,6,1,1,1,9,1,3,1,27
426384,438887,1,19/10/2019,6,1,1,1,11,2,3,2,89
426384,438887,1,19/10/2019,6,1,1,1,11,2,3,2,53
428772,434403,2,19/10/2019,6,1,1,1,8,2,2,2,27
429570,433795,2,19/10/2019,6,2,4,1,9,3,2,2,44
435243,434858,2,20/10/2019,6,2,1,1,9,1,3,1,71
442239,444971,2,20/10/2019,6,2,4,1,9,3,3,1,18
437248,428106,1,20/10/2019,6,2,6,1,9,1,3,1,39
422471,427901,2,21/10/2019,3,2,4,1,9,1,3,1,26
422471,427901,2,21/10/2019,3,2,4,1,9,2,3,1,22
431266,436334,2,21/10/2019,4,2,1,2,9,1,3,2,45
434905,431290,1,21/10/2019,3,1,1,1,21,1,3,1,31
437572,432099,1,21/10/2019,6,1,1,1,9,3,2,1,8
430251,431959,4,22/10/2019,1,1,1,1,9,1,3,1,40
439459,446166,2,22/10/2019,3,1,1,1,9,1,3,2,38
429421,433886,4,23/10/2019,2,1,1,1,9,1,3,1,26
429421,433886,4,23/10/2019,2,1,1,1,19,1,3,1,26
435672,433901,2,23/10/2019,6,1,1,1,1,1,3,1,9
424929,427642,2,24/10/2019,3,2,4,1,9,1,3,1,54
430957,426513,2,24/10/2019,1,1,1,1,9,1,3,2,72
437371,425752,1,24/10/2019,6,1,1,1,5,1,2,1,57
424321,435331,1,24/10/2019,3,1,1,1,9,3,3,1,23
433149,426328,2,24/10/2019,3,2,4,2,3,1,3,1,49
429968,436635,2,25/10/2019,3,1,1,1,9,1,3,1,39
420398,434130,1,25/10/2019,6,2,1,2,9,3,3,2,10
426066,427380,1,25/10/2019,4,1,1,1,9,3,3,1,39
436686,436620,2,25/10/2019,6,2,1,2,9,3,3,2,46
431451,435823,2,25/10/2019,6,2,1,2,1,1,3,1,39
428858,433953,2,25/10/2019,6,2,4,2,1,1,2,1,33
424092,428106,2,25/10/2019,3,1,4,1,9,1,3,1,27
424092,428106,2,25/10/2019,3,1,4,1,9,2,3,2,28
429561,431046,1,26/10/2019,6,2,4,2,9,3,3,2,41
424860,441876,2,26/10/2019,6,2,1,2,3,1,3,1,29
427326,434673,2,27/10/2019,3,1,1,1,1,1,3,1,19
436295,436657,2,27/10/2019,6,1,4,1,3,1,3,1,18
429674,434589,1,28/10/2019,3,1,1,1,11,3,2,1,18
429771,430660,1,29/10/2019,6,1,1,1,9,3,3,1,84
421728,428374,2,29/10/2019,3,1,4,1,9,1,3,1,30
421728,428374,2,29/10/2019,3,1,4,1,9,1,3,1,40
420842,434796,3,29/10/2019,3,1,4,1,9,1,3,2,20
432743,436150,2,29/10/2019,6,1,4,1,1,1,2,1,45
428916,434804,2,08/11/2019,6,1,4,1,1,1,3,1,22
430256,433231,1,31/10/2019,6,2,4,1,9,3,3,1,20
429582,434806,1,31/10/2019,3,1,1,1,9,3,3,2,18
428112,426284,2,31/10/2019,3,1,1,1,9,1,3,2,59
426208,427459,2,31/10/2019,6,1,1,1,9,1,3,2,72
428958,435471,2,31/10/2019,3,2,4,2,9,1,3,1,21
423826,429504,2,31/10/2019,4,2,4,2,3,1,3,1,19
427896,436196,1,31/10/2019,3,2,4,2,9,3,3,1,29
430942,433305,1,01/11/2019,6,1,1,1,9,3,2,2,59
425901,436250,2,01/11/2019,6,2,4,5,9,1,3,1,36
440074,434243,3,01/11/2019,1,2,6,2,9,2,3,2,59
429950,423840,2,03/11/2019,1,1,6,1,9,1,3,1,35
436558,434703,1,01/11/2019,6,2,4,2,11,2,3,1,75
434915,436251,1,01/11/2019,6,2,1,2,9,3,3,1,38
424792,434818,2,02/11/2019,3,2,1,2,3,1,3,1,22
428601,430887,1,02/11/2019,3,2,1,2,9,3,2,1,48
442124,449037,1,02/11/2019,6,2,6,8,9,3,1,1,65
442124,449037,1,02/11/2019,6,2,6,8,9,3,2,1,52
423548,437863,1,03/11/2019,6,2,1,1,9,3,3,2,14
425155,429007,4,04/11/2019,3,2,6,1,19,1,3,1,27
425155,429007,4,04/11/2019,3,2,6,1,19,2,3,2,39
429704,432133,2,04/11/2019,1,2,1,2,21,3,1,1,47
427449,430904,2,04/11/2019,1,1,1,1,19,1,3,2,51
431071,427777,1,04/11/2019,6,2,4,2,19,3,1,2,75
432902,426227,1,04/11/2019,4,1,1,1,9,3,3,1,11
428351,433471,2,05/11/2019,6,2,4,1,9,1,3,1,43
428351,433471,2,05/11/2019,6,2,4,1,9,2,3,1,26
442690,437584,1,05/11/2019,6,2,1,1,9,1,3,1,21
428349,429220,2,05/11/2019,6,1,1,1,1,1,3,1,26
426156,439135,1,05/11/2019,6,1,1,1,9,3,2,2,64
426350,435931,2,05/11/2019,6,2,4,8,5,1,3,1,53
418939,444820,2,11/02/2019,3,1,1,1,9,1,3,1,83
418939,444820,2,11/02/2019,3,1,1,1,9,2,3,1,89
418939,444820,2,11/02/2019,3,1,1,1,9,2,2,1,81
431086,431385,2,05/11/2019,6,2,1,2,9,1,3,2,45
424417,438120,2,05/11/2019,6,2,4,2,9,1,3,2,56
437581,437236,1,05/11/2019,6,4,4,8,9,1,3,1,18
429655,433382,1,06/11/2019,6,1,1,1,8,3,3,2,56
430958,435814,1,06/11/2019,6,2,4,2,9,3,3,1,73
436159,434497,1,06/11/2019,3,2,4,1,9,3,2,1,20
424946,434225,2,07/11/2019,3,2,1,2,5,1,3,1,54
443331,435489,2,07/11/2019,4,2,1,2,9,1,3,2,28
443331,435489,2,07/11/2019,4,2,1,2,9,1,3,1,39
420911,434468,2,26/10/2019,6,1,7,1,9,2,3,1,12
420911,434468,2,26/10/2019,6,1,7,1,9,2,3,1,9
420911,434468,2,26/10/2019,6,1,7,1,9,2,3,2,10
430955,435796,1,07/11/2019,6,2,1,2,9,3,3,2,5
429725,433525,1,07/11/2019,6,2,6,2,3,3,2,2,33
429001,438958,2,07/11/2019,6,2,4,5,9,1,3,2,35
425160,429000,3,07/11/2019,3,2,4,2,9,1,3,1,52
432224,435160,1,07/11/2019,6,1,7,1,9,3,3,2,16
422735,434052,1,07/11/2019,3,5,4,2,9,1,3,1,30
422735,434052,1,07/11/2019,3,5,4,2,9,2,2,1,27
432872,432385,2,08/11/2019,3,2,1,1,19,1,3,1,43
432872,432385,2,08/11/2019,3,2,1,1,19,2,3,1,60
432872,432385,2,08/11/2019,3,2,1,1,9,1,3,1,49
430962,433259,2,08/11/2019,3,1,1,1,9,1,3,2,27
430959,435790,1,08/11/2019,6,2,1,1,19,3,2,2,59
430107,431200,2,08/11/2019,3,1,1,1,2,1,3,1,25
432626,436857,2,08/11/2019,6,2,1,1,9,2,3,2,39
432626,436857,2,08/11/2019,6,2,1,1,9,2,3,2,49
432626,436857,2,08/11/2019,6,2,1,1,9,2,3,2,12
425142,435224,1,08/11/2019,6,2,1,1,9,3,3,2,4
433878,425861,4,08/11/2019,1,2,6,1,9,1,3,2,40
433878,425861,4,08/11/2019,1,2,6,1,9,1,3,1,54
428509,431382,2,08/11/2019,3,2,4,1,1,1,3,1,63
432139,429216,2,08/11/2019,1,2,4,1,9,1,3,1,38
432139,429216,2,08/11/2019,1,2,4,1,9,1,3,1,54
432139,429216,2,08/11/2019,1,2,4,1,9,2,3,2,75
432221,435640,1,08/11/2019,6,2,1,4,9,3,3,1,18
430576,430891,3,08/11/2019,6,2,4,1,9,1,3,1,38
433616,438997,1,08/11/2019,3,2,4,1,9,1,2,1,18
437765,432416,1,09/11/2019,1,1,1,1,9,1,3,2,32
437765,432416,1,09/11/2019,1,1,1,1,9,2,3,1,8
437765,432416,1,09/11/2019,1,1,1,1,9,2,3,1,6
437765,432416,1,09/11/2019,1,1,1,1,9,2,3,2,1
432148,429795,1,09/11/2019,1,2,1,1,9,1,3,2,26
431883,441881,2,09/11/2019,3,2,4,2,9,1,3,2,68
431883,441881,2,09/11/2019,3,2,4,2,9,2,3,1,14
433218,436186,1,08/11/2019,3,1,7,1,9,3,3,2,47
424438,442066,1,10/11/2019,6,2,6,5,9,1,3,1,19
424438,442066,1,10/11/2019,6,2,6,5,9,2,3,2,18
421547,428506,2,10/11/2019,3,1,4,1,9,2,2,1,50
430473,431158,3,11/11/2019,1,2,1,1,9,1,3,1,27
430473,431158,3,11/11/2019,1,2,1,1,9,1,3,1,50
418402,442323,1,11/11/2019,6,2,4,2,9,3,2,2,79
427314,435777,1,07/11/2019,6,1,1,1,9,3,2,2,16
430933,433311,2,12/11/2019,3,2,4,2,9,1,3,1,40
430933,433311,2,12/11/2019,3,2,4,2,11,1,3,1,49
423332,434349,1,12/11/2019,6,1,1,1,9,3,3,2,19
429785,432721,1,12/11/2019,6,2,1,1,10,3,3,1,19
428312,436511,1,11/11/2019,4,2,4,2,9,3,3,1,8
426230,427821,1,12/11/2019,6,2,1,2,9,3,3,1,74
442803,429679,1,12/11/2019,6,2,6,1,21,1,2,1,38
430096,431356,2,13/11/2019,3,1,1,1,1,1,3,1,17
430402,437865,2,13/11/2019,6,1,1,1,1,1,3,1,29
428516,432660,2,07/11/2019,3,2,1,1,9,1,3,1,26
436114,436704,2,13/11/2019,3,1,4,1,9,1,3,1,57
433180,434013,2,14/11/2019,3,2,1,1,9,1,3,2,30
433180,434013,2,14/11/2019,3,2,1,1,9,2,2,2,60
433180,434013,2,14/11/2019,3,2,1,1,9,2,3,2,25
429859,433789,2,14/11/2019,6,2,4,2,1,1,3,1,54
440495,433470,2,14/11/2019,6,2,1,2,9,1,3,2,50
426585,433861,2,14/11/2019,6,2,1,1,9,1,3,1,63
429751,433527,1,14/11/2019,6,2,4,2,9,3,2,2,69
441054,448822,2,14/11/2019,6,1,1,1,3,1,3,1,17
431433,428351,1,14/11/2019,6,2,4,2,9,1,2,1,29
426044,436353,1,15/11/2019,6,2,6,2,9,3,3,2,41
441106,449599,4,16/11/2019,2,2,6,2,9,1,3,1,40
429243,430844,2,16/11/2019,6,2,4,1,9,2,3,2,34
429243,430844,2,16/11/2019,6,2,4,1,9,2,3,2,12
429243,430844,2,16/11/2019,6,2,4,1,9,2,3,2,10
426383,427480,1,16/11/2019,4,2,4,2,9,3,3,1,46
434608,437396,1,17/11/2019,3,2,5,2,9,3,2,1,50
428400,429373,1,17/11/2019,3,2,4,1,3,1,2,1,42
428400,429373,1,17/11/2019,3,2,4,1,3,3,2,1,37
443400,438717,4,17/11/2019,2,1,1,1,9,1,3,2,50
443400,438717,4,17/11/2019,2,1,1,1,9,2,3,1,52
443400,438717,4,17/11/2019,2,1,1,1,9,1,3,2,60
443400,438717,4,17/11/2019,2,1,1,1,9,2,3,1,61
429192,435352,2,15/11/2019,6,1,4,8,1,1,3,2,24
424271,435373,1,18/11/2019,6,1,1,1,9,3,2,1,85
430902,435530,1,18/11/2019,6,2,4,1,9,3,3,2,52
428364,435155,2,18/11/2019,6,1,4,1,4,1,3,1,24
432101,435537,2,19/11/2019,6,4,1,1,9,1,3,2,40
432101,435537,2,19/11/2019,6,4,1,1,9,2,3,1,12
428835,437842,2,19/11/2019,6,4,1,1,9,1,3,2,22
436727,435925,2,19/11/2019,6,4,1,1,9,1,3,2,43
437951,433215,2,19/11/2019,1,1,1,1,9,1,3,1,27
437951,433215,2,19/11/2019,1,1,1,1,20,1,3,1,24
437951,433215,2,19/11/2019,1,1,1,1,20,2,3,1,18
430811,433259,1,19/11/2019,3,1,1,1,11,3,2,1,38
431971,435822,1,19/11/2019,3,1,4,1,9,3,3,1,11
430246,434376,2,19/11/2019,3,1,4,1,9,2,3,1,55
426818,438059,2,20/11/2019,3,1,4,1,8,1,3,1,31
432417,426204,3,20/11/2019,1,1,1,1,9,1,3,2,59
432417,426204,3,20/11/2019,1,1,1,1,21,1,3,1,55
423424,445514,4,20/11/2019,3,2,1,2,9,1,3,2,86
423424,445514,4,20/11/2019,3,2,1,2,19,1,3,1,36
435002,438403,2,20/11/2019,3,2,1,1,9,1,3,1,41
435002,438403,2,20/11/2019,3,2,1,1,9,1,3,1,31
429551,430311,2,20/11/2019,3,1,4,1,8,1,3,1,46
430149,445351,2,20/11/2019,3,1,6,1,9,1,3,2,27
426766,438350,2,20/11/2019,3,1,4,1,1,1,3,2,39
431402,435029,2,20/11/2019,6,2,4,2,9,1,3,2,35
427153,432524,2,20/11/2019,6,2,4,2,3,1,3,1,54
424586,435143,4,20/11/2019,3,2,4,1,9,1,3,1,26
424586,435143,4,20/11/2019,3,2,4,1,9,2,3,1,24
424586,435143,4,20/11/2019,3,2,4,1,9,2,3,2,20
424586,435143,4,20/11/2019,3,2,4,1,9,1,3,1,44
424586,435143,4,20/11/2019,3,2,4,1,9,1,3,1,27
428559,434257,2,20/11/2019,6,2,4,1,8,1,3,1,42
431250,429705,1,21/11/2019,6,2,1,1,9,3,2,2,11
430112,438324,2,21/11/2019,6,1,1,1,19,1,3,1,53
424371,445352,2,21/11/2019,3,1,1,1,1,1,2,1,47
426082,431596,1,21/11/2019,3,2,4,1,9,2,3,1,83
430464,435594,2,21/11/2019,3,2,4,1,9,1,3,1,50
425134,433917,2,21/11/2019,6,2,4,2,1,1,3,2,10
423005,437637,3,21/11/2019,3,2,4,2,9,1,3,1,89
427927,426408,2,22/11/2019,6,2,1,2,9,1,3,1,25
438026,425857,2,22/11/2019,4,2,6,2,9,1,3,2,39
429572,423157,2,22/11/2019,1,2,1,2,9,1,3,2,55
427216,432898,1,22/11/2019,6,1,1,1,9,3,3,2,11
422337,433382,1,22/11/2019,6,1,4,1,9,3,3,2,13
429531,437005,1,23/11/2019,6,2,4,1,9,1,3,1,32
428760,432721,2,23/11/2019,6,2,1,1,1,1,3,1,26
426325,433091,2,23/11/2019,6,1,4,1,1,1,3,1,32
431089,434206,1,24/11/2019,6,2,1,1,9,3,3,1,41
431089,434206,1,24/11/2019,6,2,1,1,9,3,3,1,31
429782,433497,1,24/11/2019,6,1,4,1,19,3,2,1,73
427534,429803,2,25/11/2019,6,2,1,1,1,1,3,1,30
425587,434257,1,25/11/2019,3,2,4,2,19,3,2,2,15
422438,427908,2,23/11/2019,6,2,1,1,9,1,3,2,23
432823,435217,2,25/11/2019,6,2,4,1,1,1,3,1,49
430653,434684,3,26/11/2019,3,2,1,2,9,1,3,2,56
432847,442494,2,26/11/2019,6,2,1,2,9,1,3,2,17
429737,430566,1,26/11/2019,6,2,4,1,19,3,3,2,16
429737,430566,1,26/11/2019,6,2,4,1,19,3,3,2,16
434457,434385,3,26/11/2019,3,1,4,1,9,1,3,1,21
434457,434385,3,26/11/2019,3,1,4,1,9,1,3,1,30
428578,431540,2,26/11/2019,6,2,4,2,9,1,3,2,23
434950,442850,1,26/11/2019,6,2,6,1,9,1,2,1,87
432536,433789,1,27/11/2019,3,2,4,2,11,3,3,2,20
431808,425365,2,27/11/2019,1,2,4,2,9,2,3,2,43
429000,429625,2,27/11/2019,6,2,4,2,9,1,3,2,26
429000,429625,2,27/11/2019,6,2,4,2,9,2,3,2,36
429000,429625,2,27/11/2019,6,2,4,2,9,1,3,1,41
430002,432656,2,27/11/2019,3,2,4,2,9,1,2,1,47
427500,434515,1,26/11/2019,6,2,4,1,9,3,2,1,27
423157,433366,5,27/11/2019,4,2,4,2,9,1,2,1,26
431150,437982,2,28/11/2019,6,2,1,1,1,1,3,1,35
421453,434000,3,28/11/2019,2,2,1,1,19,1,3,1,41
428958,435471,2,28/11/2019,3,2,4,2,1,1,3,1,38
424958,434437,2,28/11/2019,3,1,4,1,1,1,3,1,13
425033,433154,2,29/11/2019,6,4,4,1,9,1,3,2,27
430673,434946,2,29/11/2019,3,1,1,1,9,1,3,1,26
433019,435018,2,29/11/2019,6,2,1,1,9,2,3,2,29
433019,435018,2,29/11/2019,6,2,1,1,9,2,3,2,50
433019,435018,2,29/11/2019,6,2,1,1,9,1,3,1,45
430034,434069,2,29/11/2019,6,2,4,1,1,1,2,2,31
430782,438591,2,29/11/2019,6,1,4,1,9,2,3,2,47
431524,432553,2,29/11/2019,3,1,4,1,9,1,3,1,35
430170,433193,1,29/11/2019,6,1,4,1,9,3,2,1,39
429925,432733,2,30/11/2019,6,1,1,1,9,1,3,1,57
429925,432733,2,30/11/2019,6,1,1,1,9,1,3,2,42
429925,432733,2,30/11/2019,6,1,1,1,9,2,3,1,41
429141,430784,2,30/11/2019,6,2,4,2,9,2,3,1,24
428936,425986,2,30/11/2019,3,1,4,1,9,1,3,1,88
428936,425986,2,30/11/2019,3,1,4,1,9,1,3,2,27
420301,437124,1,01/12/2019,3,2,4,1,9,1,3,1,21
432620,434597,2,01/12/2019,4,2,1,1,9,2,3,1,29
429419,433281,1,01/12/2019,6,1,4,1,9,3,3,2,36
429419,433281,1,01/12/2019,6,1,4,1,9,3,3,2,12
429419,433281,1,01/12/2019,6,1,4,1,9,3,3,1,8
429419,433281,1,01/12/2019,6,1,4,1,9,3,3,2,34
426952,435691,2,01/12/2019,6,1,4,1,3,1,2,1,20
431558,435185,2,01/12/2019,3,4,4,1,9,1,3,1,37
431558,435185,2,01/12/2019,3,4,4,1,9,1,3,2,27
431978,439367,2,03/12/2019,6,1,1,1,9,1,3,2,28
425639,434242,1,03/12/2019,3,1,1,1,3,1,2,1,25
426822,434974,2,03/12/2019,3,1,1,1,1,1,3,1,49
435971,435459,1,03/12/2019,3,1,1,1,9,3,2,2,16
430071,433367,1,03/12/2019,6,1,1,1,11,3,2,2,20
429273,430095,1,03/12/2019,6,1,4,1,10,3,3,2,76
431573,425153,5,03/12/2019,1,1,4,1,9,1,3,2,39
431573,425153,5,03/12/2019,1,1,4,1,9,1,3,2,53
431573,425153,5,03/12/2019,1,1,4,1,19,1,3,1,54
430951,433242,2,03/12/2019,6,1,4,1,9,1,3,1,30
426089,435590,2,04/12/2019,6,1,1,1,9,1,3,2,44
440641,426123,2,04/12/2019,3,1,1,1,9,1,3,2,48
440641,426123,2,04/12/2019,3,1,1,1,9,1,3,1,58
428205,434190,2,04/12/2019,6,1,1,1,1,1,3,1,31
441013,434557,1,04/12/2019,1,1,1,1,19,3,2,1,43
432788,435457,2,04/12/2019,6,1,1,1,3,1,2,1,18
429494,436615,1,04/12/2019,6,1,6,1,9,3,3,1,11
437310,433424,2,04/12/2019,3,1,7,1,9,1,3,1,28
427261,429568,2,04/12/2019,6,2,4,1,3,1,2,1,26
429002,436843,3,04/12/2019,6,1,4,1,9,1,3,1,33
443640,436793,5,05/12/2019,2,1,1,1,9,1,3,2,39
443640,436793,5,05/12/2019,2,1,1,1,9,1,3,1,40
443640,436793,5,05/12/2019,2,1,1,1,9,2,3,1,38
443640,436793,5,05/12/2019,2,1,1,1,9,1,3,2,37
431196,436831,2,05/12/2019,6,1,1,1,1,1,2,1,37
430634,432643,2,05/12/2019,3,1,1,1,9,1,3,2,56
430634,432643,2,05/12/2019,3,1,1,1,9,2,3,2,20
440760,428666,1,05/12/2019,6,2,1,1,9,3,2,1,70
440760,428666,1,05/12/2019,6,2,1,1,9,3,2,2,67
429340,437270,1,05/12/2019,6,1,1,1,9,3,3,2,11
428218,426435,2,06/12/2019,1,2,4,2,9,1,3,2,33
431315,429850,1,06/12/2019,6,2,1,1,9,3,2,2,22
433375,425876,2,06/12/2019,1,2,4,1,9,2,3,2,45
427512,426313,2,06/12/2019,1,2,4,1,9,1,3,2,61
427512,426313,2,06/12/2019,1,2,4,1,9,2,3,2,38
427512,426313,2,06/12/2019,1,2,4,1,9,2,3,1,12
430903,432278,1,06/12/2019,6,2,4,1,9,3,3,1,17
429849,433408,1,05/12/2019,6,1,4,1,9,3,3,2,21
429849,433408,1,05/12/2019,6,1,4,1,9,3,3,2,49
430013,434115,2,06/12/2019,6,2,4,1,1,1,3,1,27
430028,434086,1,07/12/2019,6,2,4,2,8,3,2,2,34
429885,430767,2,09/12/2019,3,1,1,1,9,1,3,2,49
429885,430767,2,09/12/2019,3,1,1,1,11,2,3,2,73
429885,430767,2,09/12/2019,3,1,1,1,11,2,3,2,18
426982,439897,2,09/12/2019,3,1,1,1,5,1,3,1,29
428597,432793,2,09/12/2019,3,1,1,1,9,1,3,1,32
430150,428094,2,09/12/2019,6,1,1,1,9,1,3,2,51
432317,426035,2,09/12/2019,1,1,1,1,9,2,3,1,21
432317,426035,2,09/12/2019,1,1,1,1,9,1,3,2,21
428045,432828,1,10/12/2019,4,2,1,4,9,3,3,1,15
430436,431014,3,10/12/2019,1,1,1,1,9,1,3,1,32
428845,430209,1,10/12/2019,6,2,4,5,9,3,3,1,23
428845,430209,1,10/12/2019,6,2,4,5,9,3,3,1,27
426021,427782,1,10/12/2019,6,2,4,5,9,3,2,2,81
430690,433675,2,11/12/2019,3,1,4,1,1,1,3,1,41
430396,430892,2,11/12/2019,1,2,4,1,9,1,3,1,26
435743,436089,1,11/12/2019,6,2,4,1,5,3,2,2,29
422025,436488,1,11/12/2019,6,1,1,1,9,3,3,2,12
432513,427562,2,11/12/2019,6,2,4,1,9,1,3,1,38
432513,427562,2,11/12/2019,6,2,4,1,9,2,2,2,38
433106,436127,2,12/12/2019,3,2,4,1,3,1,2,1,34
428479,426413,3,12/12/2019,1,2,4,2,9,1,2,1,73
424475,439080,1,12/12/2019,6,2,4,2,9,3,2,1,73
424620,427641,2,12/12/2019,1,2,4,2,9,1,3,2,40
423739,437384,1,10/12/2019,3,1,4,1,8,3,3,1,65
431109,436836,2,13/12/2019,6,1,1,1,9,1,3,1,62
428306,429579,2,16/11/2019,3,1,1,1,9,2,3,1,38
432302,444128,2,14/12/2019,3,2,1,1,19,1,2,1,59
432302,444128,2,14/12/2019,3,2,1,1,9,1,2,1,86
436039,434790,1,13/12/2019,6,1,1,1,9,3,3,1,33
441235,439816,4,14/12/2019,3,2,1,2,9,1,2,2,41
441235,439816,4,14/12/2019,3,2,1,2,9,1,2,2,30
441235,439816,4,14/12/2019,3,2,1,2,9,1,3,1,69
441235,439816,4,14/12/2019,3,2,1,2,9,1,3,2,44
428005,426228,3,15/12/2019,3,2,4,3,8,1,3,1,29
444980,442685,3,15/12/2019,6,2,1,4,16,1,2,2,66
444980,442685,3,15/12/2019,6,2,1,4,16,1,3,2,59
425916,435496,2,15/12/2019,6,2,1,1,1,1,2,1,51
432434,434839,2,15/12/2019,4,2,4,1,9,1,3,1,34
443563,431700,1,15/12/2019,3,2,6,1,9,1,3,1,21
430242,432968,2,16/12/2019,6,2,1,8,9,1,3,1,39
440088,433359,1,16/12/2019,3,1,4,1,9,3,2,2,17
424093,428106,2,17/12/2019,3,2,1,1,9,1,3,1,57
440900,434527,3,17/12/2019,1,2,1,1,19,1,3,2,25
431435,431610,2,17/12/2019,6,2,1,1,9,1,3,2,71
431127,424754,2,17/12/2019,1,2,1,1,9,1,3,1,67
426637,433085,2,17/12/2019,4,2,4,2,9,1,3,1,50
432047,425662,3,18/12/2019,1,2,4,1,9,1,3,1,50
423720,434202,2,18/12/2019,6,4,1,1,9,1,3,2,22
423720,434202,2,18/12/2019,6,4,1,1,9,2,3,2,2
439303,432396,2,18/12/2019,3,2,1,1,1,1,3,1,39
431062,430364,2,18/12/2019,6,2,4,2,1,1,3,1,51
431973,425559,2,18/12/2019,1,2,4,2,9,1,2,1,34
430917,435590,1,19/12/2019,6,2,4,2,9,3,2,1,51
440370,448115,1,19/12/2019,3,2,4,1,9,3,3,2,54
431534,432542,3,20/12/2019,3,2,1,2,9,1,3,1,43
433117,434025,2,20/12/2019,4,1,1,1,11,1,3,1,69
428545,426414,2,20/12/2019,1,2,4,1,9,1,3,1,59
430695,439199,1,20/12/2019,3,2,4,1,9,3,2,1,43
430765,433846,2,20/12/2019,6,1,4,1,1,1,3,1,31
430234,431975,2,09/12/2019,1,1,1,1,19,1,3,1,37
430479,437776,1,21/12/2019,6,2,1,1,9,3,1,1,66
430523,428345,2,21/12/2019,6,1,1,1,9,2,3,2,27
430523,428345,2,21/12/2019,6,1,1,1,9,2,3,1,63
430523,428345,2,21/12/2019,6,1,1,1,9,1,3,2,36
425484,434124,1,21/12/2019,6,1,1,1,19,3,3,1,49
431656,426485,3,21/12/2019,4,2,4,2,9,1,3,2,30
428595,427781,1,22/12/2019,3,2,4,2,9,2,3,1,20
436176,427733,2,21/12/2019,3,1,4,1,9,1,3,1,25
430931,436028,2,22/12/2019,6,1,1,1,9,1,3,1,63
435361,431300,1,22/12/2019,1,2,1,1,9,1,3,2,23
428440,428625,4,22/12/2019,3,2,4,1,9,1,2,1,19
428440,428625,4,22/12/2019,3,2,4,1,9,2,2,1,19
428440,428625,4,22/12/2019,3,2,4,1,9,1,2,1,43
428440,428625,4,22/12/2019,3,2,4,1,9,2,2,2,43
428440,428625,4,22/12/2019,3,2,4,1,9,2,2,2,9
424808,433913,1,21/12/2019,6,1,7,1,8,2,3,1,32
430089,431324,2,23/12/2019,3,2,1,2,9,3,3,1,63
429011,430281,2,23/12/2019,6,1,4,1,9,1,3,1,31
429963,437208,2,23/12/2019,3,2,4,1,9,1,3,2,29
437817,428195,2,24/12/2019,6,1,1,1,9,1,3,1,61
438414,432729,2,24/12/2019,3,2,4,1,9,2,3,2,90
420001,446004,2,24/12/2019,6,2,7,1,9,1,3,1,24
438959,439138,1,24/12/2019,3,1,6,1,9,3,3,1,23
432397,426233,2,27/12/2019,1,1,4,1,9,2,3,2,28
430100,431497,2,29/12/2019,6,1,4,1,9,2,3,2,37
430040,434040,1,29/12/2019,6,1,4,1,9,3,2,1,21
442094,434619,1,30/12/2019,1,2,4,4,9,1,3,1,27
423019,437653,1,30/12/2019,3,4,1,1,5,1,2,1,36
436853,442515,2,31/12/2019,3,1,1,1,1,1,2,1,59
421466,433999,3,31/12/2019,3,1,4,1,9,1,3,1,41
421466,433999,3,31/12/2019,3,1,4,1,9,2,3,1,26
